Entity,Code,Year,Deaths - Cause: Dengue - Sex: Both sexes - Age_group: ALLAges
Afghanistan,AFG,2000,0.1
Afghanistan,AFG,2001,0.09
Afghanistan,AFG,2002,0.1
Afghanistan,AFG,2003,0.1
Afghanistan,AFG,2004,0.1
Afghanistan,AFG,2005,0.1
Afghanistan,AFG,2006,0.1
Afghanistan,AFG,2007,0.1
Afghanistan,AFG,2008,0.1
Afghanistan,AFG,2009,0.1
Afghanistan,AFG,2010,0.1
Afghanistan,AFG,2011,0.1
Afghanistan,AFG,2012,0.1
Afghanistan,AFG,2013,0.11
Afghanistan,AFG,2014,0.1
Afghanistan,AFG,2015,0.1
Afghanistan,AFG,2016,0.11
Afghanistan,AFG,2017,0.11
Afghanistan,AFG,2018,0.11
Afghanistan,AFG,2019,0.12
Africa,,2000,25.789999
Africa,,2001,24.199999
Africa,,2002,23.55
Africa,,2003,23.89
Africa,,2004,24.38
Africa,,2005,24.65
Africa,,2006,25.88
Africa,,2007,28
Africa,,2008,30.39
Africa,,2009,39.11
Africa,,2010,36.8
Africa,,2011,39.19
Africa,,2012,40.47
Africa,,2013,42.68
Africa,,2014,43.45
Africa,,2015,44.74
Africa,,2016,47.14
Africa,,2017,72.53
Africa,,2018,47.83
Africa,,2019,47.04
Albania,ALB,2000,0
Albania,ALB,2001,0
Albania,ALB,2002,0
Albania,ALB,2003,0
Albania,ALB,2004,0
Albania,ALB,2005,0
Albania,ALB,2006,0
Albania,ALB,2007,0
Albania,ALB,2008,0
Albania,ALB,2009,0
Albania,ALB,2010,0
Albania,ALB,2011,0
Albania,ALB,2012,0
Albania,ALB,2013,0
Albania,ALB,2014,0
Albania,ALB,2015,0
Albania,ALB,2016,0
Albania,ALB,2017,0
Albania,ALB,2018,0
Albania,ALB,2019,0
Algeria,DZA,2000,0
Algeria,DZA,2001,0
Algeria,DZA,2002,0
Algeria,DZA,2003,0
Algeria,DZA,2004,0
Algeria,DZA,2005,0
Algeria,DZA,2006,0
Algeria,DZA,2007,0
Algeria,DZA,2008,0
Algeria,DZA,2009,0
Algeria,DZA,2010,0
Algeria,DZA,2011,0
Algeria,DZA,2012,0
Algeria,DZA,2013,0
Algeria,DZA,2014,0
Algeria,DZA,2015,0
Algeria,DZA,2016,0
Algeria,DZA,2017,0
Algeria,DZA,2018,0
Algeria,DZA,2019,0
Angola,AGO,2000,0.26
Angola,AGO,2001,0.25
Angola,AGO,2002,0.26
Angola,AGO,2003,0.28
Angola,AGO,2004,0.28
Angola,AGO,2005,0.28
Angola,AGO,2006,0.28
Angola,AGO,2007,0.28
Angola,AGO,2008,0.28
Angola,AGO,2009,0.27
Angola,AGO,2010,0.28
Angola,AGO,2011,0.27
Angola,AGO,2012,0.28
Angola,AGO,2013,0.27
Angola,AGO,2014,0.26
Angola,AGO,2015,0.28
Angola,AGO,2016,0.27
Angola,AGO,2017,0.28
Angola,AGO,2018,0.28
Angola,AGO,2019,0.29
Antigua and Barbuda,ATG,2000,0.01
Antigua and Barbuda,ATG,2001,0
Antigua and Barbuda,ATG,2002,0
Antigua and Barbuda,ATG,2003,0.01
Antigua and Barbuda,ATG,2004,0.01
Antigua and Barbuda,ATG,2005,0.03
Antigua and Barbuda,ATG,2006,0.02
Antigua and Barbuda,ATG,2007,0.02
Antigua and Barbuda,ATG,2008,0.41
Antigua and Barbuda,ATG,2009,0.53
Antigua and Barbuda,ATG,2010,0.22
Antigua and Barbuda,ATG,2011,0.19
Antigua and Barbuda,ATG,2012,0.01
Antigua and Barbuda,ATG,2013,0.01
Antigua and Barbuda,ATG,2014,0
Antigua and Barbuda,ATG,2015,0
Antigua and Barbuda,ATG,2016,0
Antigua and Barbuda,ATG,2017,0
Antigua and Barbuda,ATG,2018,0
Antigua and Barbuda,ATG,2019,0
Argentina,ARG,2000,0
Argentina,ARG,2001,0
Argentina,ARG,2002,0
Argentina,ARG,2003,0
Argentina,ARG,2004,0
Argentina,ARG,2005,0
Argentina,ARG,2006,0
Argentina,ARG,2007,0
Argentina,ARG,2008,0
Argentina,ARG,2009,11.94
Argentina,ARG,2010,0
Argentina,ARG,2011,2.18
Argentina,ARG,2012,0
Argentina,ARG,2013,0
Argentina,ARG,2014,0
Argentina,ARG,2015,0
Argentina,ARG,2016,0
Argentina,ARG,2017,0
Argentina,ARG,2018,0
Argentina,ARG,2019,0
Armenia,ARM,2000,0
Armenia,ARM,2001,0
Armenia,ARM,2002,0
Armenia,ARM,2003,0
Armenia,ARM,2004,0
Armenia,ARM,2005,0
Armenia,ARM,2006,0
Armenia,ARM,2007,0
Armenia,ARM,2008,0
Armenia,ARM,2009,0
Armenia,ARM,2010,0
Armenia,ARM,2011,0
Armenia,ARM,2012,0
Armenia,ARM,2013,0
Armenia,ARM,2014,0
Armenia,ARM,2015,0
Armenia,ARM,2016,0
Armenia,ARM,2017,0
Armenia,ARM,2018,0
Armenia,ARM,2019,0
Asia,,2000,19284.46
Asia,,2001,19589.63
Asia,,2002,20038.89
Asia,,2003,19990.41
Asia,,2004,21227.35
Asia,,2005,20231.959
Asia,,2006,20503.92
Asia,,2007,21922.18
Asia,,2008,22080.871
Asia,,2009,22823.65
Asia,,2010,23885.371
Asia,,2011,24342.621
Asia,,2012,25834.8
Asia,,2013,26315.85
Asia,,2014,26502.371
Asia,,2015,27025.95
Asia,,2016,27206.55
Asia,,2017,28319.242
Asia,,2018,28309.53
Asia,,2019,29434.4
Australia,AUS,2000,2.88
Australia,AUS,2001,0
Australia,AUS,2002,0
Australia,AUS,2003,0
Australia,AUS,2004,0.94
Australia,AUS,2005,0.15
Australia,AUS,2006,0
Australia,AUS,2007,0
Australia,AUS,2008,0
Australia,AUS,2009,1
Australia,AUS,2010,0.93
Australia,AUS,2011,0
Australia,AUS,2012,1.95
Australia,AUS,2013,0.99
Australia,AUS,2014,0
Australia,AUS,2015,0
Australia,AUS,2016,0
Australia,AUS,2017,0
Australia,AUS,2018,0
Australia,AUS,2019,0
Austria,AUT,2000,0
Austria,AUT,2001,0
Austria,AUT,2002,0
Austria,AUT,2003,0
Austria,AUT,2004,0
Austria,AUT,2005,0
Austria,AUT,2006,0
Austria,AUT,2007,1.03
Austria,AUT,2008,0
Austria,AUT,2009,0
Austria,AUT,2010,0
Austria,AUT,2011,0
Austria,AUT,2012,0
Austria,AUT,2013,0
Austria,AUT,2014,1.04
Austria,AUT,2015,0
Austria,AUT,2016,0
Austria,AUT,2017,0
Austria,AUT,2018,0
Austria,AUT,2019,0
Azerbaijan,AZE,2000,0
Azerbaijan,AZE,2001,0
Azerbaijan,AZE,2002,0
Azerbaijan,AZE,2003,0
Azerbaijan,AZE,2004,0
Azerbaijan,AZE,2005,0
Azerbaijan,AZE,2006,0
Azerbaijan,AZE,2007,0
Azerbaijan,AZE,2008,0
Azerbaijan,AZE,2009,0
Azerbaijan,AZE,2010,0
Azerbaijan,AZE,2011,0
Azerbaijan,AZE,2012,0
Azerbaijan,AZE,2013,0
Azerbaijan,AZE,2014,0
Azerbaijan,AZE,2015,0
Azerbaijan,AZE,2016,0
Azerbaijan,AZE,2017,0
Azerbaijan,AZE,2018,0
Azerbaijan,AZE,2019,0
Bahamas,BHS,2000,0.08
Bahamas,BHS,2001,0.09
Bahamas,BHS,2002,0.09
Bahamas,BHS,2003,0.17
Bahamas,BHS,2004,0.18
Bahamas,BHS,2005,0.18
Bahamas,BHS,2006,0.21
Bahamas,BHS,2007,0.22
Bahamas,BHS,2008,0.22
Bahamas,BHS,2009,0.23
Bahamas,BHS,2010,0.27
Bahamas,BHS,2011,0.28
Bahamas,BHS,2012,0.3
Bahamas,BHS,2013,0.25
Bahamas,BHS,2014,0.25
Bahamas,BHS,2015,0.24
Bahamas,BHS,2016,0.25
Bahamas,BHS,2017,0.25
Bahamas,BHS,2018,0.27
Bahamas,BHS,2019,0.26
Bahrain,BHR,2000,0
Bahrain,BHR,2001,0
Bahrain,BHR,2002,0
Bahrain,BHR,2003,0.01
Bahrain,BHR,2004,0.01
Bahrain,BHR,2005,0.01
Bahrain,BHR,2006,0
Bahrain,BHR,2007,0.01
Bahrain,BHR,2008,0.01
Bahrain,BHR,2009,0.01
Bahrain,BHR,2010,0.01
Bahrain,BHR,2011,0.01
Bahrain,BHR,2012,0.01
Bahrain,BHR,2013,0.01
Bahrain,BHR,2014,0.01
Bahrain,BHR,2015,0.01
Bahrain,BHR,2016,0.01
Bahrain,BHR,2017,0.01
Bahrain,BHR,2018,0.01
Bahrain,BHR,2019,0.01
Bangladesh,BGD,2000,52.78
Bangladesh,BGD,2001,34.33
Bangladesh,BGD,2002,42.96
Bangladesh,BGD,2003,38.31
Bangladesh,BGD,2004,38.59
Bangladesh,BGD,2005,41.08
Bangladesh,BGD,2006,45.5
Bangladesh,BGD,2007,49.27
Bangladesh,BGD,2008,49.82
Bangladesh,BGD,2009,50.72
Bangladesh,BGD,2010,50.64
Bangladesh,BGD,2011,49.01
Bangladesh,BGD,2012,48.53
Bangladesh,BGD,2013,49.82
Bangladesh,BGD,2014,52.94
Bangladesh,BGD,2015,52.51
Bangladesh,BGD,2016,57.51
Bangladesh,BGD,2017,63.85
Bangladesh,BGD,2018,68.53
Bangladesh,BGD,2019,160.62
Barbados,BRB,2000,1.19
Barbados,BRB,2001,1.86
Barbados,BRB,2002,1.09
Barbados,BRB,2003,1.01
Barbados,BRB,2004,0.68
Barbados,BRB,2005,0.74
Barbados,BRB,2006,0.75
Barbados,BRB,2007,0.05
Barbados,BRB,2008,2.15
Barbados,BRB,2009,1.55
Barbados,BRB,2010,2.77
Barbados,BRB,2011,2.28
Barbados,BRB,2012,1.28
Barbados,BRB,2013,0.53
Barbados,BRB,2014,1.28
Barbados,BRB,2015,1.32
Barbados,BRB,2016,1.34
Barbados,BRB,2017,1.33
Barbados,BRB,2018,1.34
Barbados,BRB,2019,1.36
Belarus,BLR,2000,0
Belarus,BLR,2001,0
Belarus,BLR,2002,0
Belarus,BLR,2003,0
Belarus,BLR,2004,0
Belarus,BLR,2005,0
Belarus,BLR,2006,0
Belarus,BLR,2007,0
Belarus,BLR,2008,0
Belarus,BLR,2009,0
Belarus,BLR,2010,0
Belarus,BLR,2011,0
Belarus,BLR,2012,0
Belarus,BLR,2013,0
Belarus,BLR,2014,0
Belarus,BLR,2015,0
Belarus,BLR,2016,0
Belarus,BLR,2017,0
Belarus,BLR,2018,0
Belarus,BLR,2019,0
Belgium,BEL,2000,0
Belgium,BEL,2001,0
Belgium,BEL,2002,0
Belgium,BEL,2003,0
Belgium,BEL,2004,0
Belgium,BEL,2005,0
Belgium,BEL,2006,0
Belgium,BEL,2007,0
Belgium,BEL,2008,0
Belgium,BEL,2009,0
Belgium,BEL,2010,0
Belgium,BEL,2011,0
Belgium,BEL,2012,0
Belgium,BEL,2013,0
Belgium,BEL,2014,0
Belgium,BEL,2015,0
Belgium,BEL,2016,0
Belgium,BEL,2017,0
Belgium,BEL,2018,0
Belgium,BEL,2019,0
Belize,BLZ,2000,0.29
Belize,BLZ,2001,0.26
Belize,BLZ,2002,0.34
Belize,BLZ,2003,0.37
Belize,BLZ,2004,0.4
Belize,BLZ,2005,0.36
Belize,BLZ,2006,0.39
Belize,BLZ,2007,0.47
Belize,BLZ,2008,0.46
Belize,BLZ,2009,0.64
Belize,BLZ,2010,0.51
Belize,BLZ,2011,0.36
Belize,BLZ,2012,0.31
Belize,BLZ,2013,0.26
Belize,BLZ,2014,0.2
Belize,BLZ,2015,0.13
Belize,BLZ,2016,0.16
Belize,BLZ,2017,0.18
Belize,BLZ,2018,0.19
Belize,BLZ,2019,0.21
Benin,BEN,2000,0.08
Benin,BEN,2001,0.08
Benin,BEN,2002,0.09
Benin,BEN,2003,0.09
Benin,BEN,2004,0.09
Benin,BEN,2005,0.09
Benin,BEN,2006,0.1
Benin,BEN,2007,0.09
Benin,BEN,2008,0.09
Benin,BEN,2009,0.1
Benin,BEN,2010,0.11
Benin,BEN,2011,0.12
Benin,BEN,2012,0.12
Benin,BEN,2013,0.13
Benin,BEN,2014,0.13
Benin,BEN,2015,0.13
Benin,BEN,2016,0.13
Benin,BEN,2017,0.13
Benin,BEN,2018,0.13
Benin,BEN,2019,0.14
Bhutan,BTN,2000,1.74
Bhutan,BTN,2001,1.94
Bhutan,BTN,2002,2.12
Bhutan,BTN,2003,2.23
Bhutan,BTN,2004,2.75
Bhutan,BTN,2005,2.38
Bhutan,BTN,2006,2.43
Bhutan,BTN,2007,2.51
Bhutan,BTN,2008,2.53
Bhutan,BTN,2009,2.56
Bhutan,BTN,2010,2.58
Bhutan,BTN,2011,2.64
Bhutan,BTN,2012,2.75
Bhutan,BTN,2013,2.86
Bhutan,BTN,2014,2.93
Bhutan,BTN,2015,3.01
Bhutan,BTN,2016,3.05
Bhutan,BTN,2017,3.19
Bhutan,BTN,2018,3.28
Bhutan,BTN,2019,3.32
Bolivia,BOL,2000,1.89
Bolivia,BOL,2001,2.07
Bolivia,BOL,2002,2.23
Bolivia,BOL,2003,2.38
Bolivia,BOL,2004,2.52
Bolivia,BOL,2005,2.81
Bolivia,BOL,2006,2.82
Bolivia,BOL,2007,3.94
Bolivia,BOL,2008,10.92
Bolivia,BOL,2009,19.6
Bolivia,BOL,2010,6.84
Bolivia,BOL,2011,24.97
Bolivia,BOL,2012,3.5
Bolivia,BOL,2013,3.59
Bolivia,BOL,2014,3.8
Bolivia,BOL,2015,4.02
Bolivia,BOL,2016,4.24
Bolivia,BOL,2017,4.27
Bolivia,BOL,2018,4.35
Bolivia,BOL,2019,4.43
Bosnia and Herzegovina,BIH,2000,0
Bosnia and Herzegovina,BIH,2001,0
Bosnia and Herzegovina,BIH,2002,0
Bosnia and Herzegovina,BIH,2003,0
Bosnia and Herzegovina,BIH,2004,0
Bosnia and Herzegovina,BIH,2005,0
Bosnia and Herzegovina,BIH,2006,0
Bosnia and Herzegovina,BIH,2007,0
Bosnia and Herzegovina,BIH,2008,0
Bosnia and Herzegovina,BIH,2009,0
Bosnia and Herzegovina,BIH,2010,0
Bosnia and Herzegovina,BIH,2011,0
Bosnia and Herzegovina,BIH,2012,0
Bosnia and Herzegovina,BIH,2013,0
Bosnia and Herzegovina,BIH,2014,0
Bosnia and Herzegovina,BIH,2015,0
Bosnia and Herzegovina,BIH,2016,0
Bosnia and Herzegovina,BIH,2017,0
Bosnia and Herzegovina,BIH,2018,0
Bosnia and Herzegovina,BIH,2019,0
Botswana,BWA,2000,0
Botswana,BWA,2001,0
Botswana,BWA,2002,0
Botswana,BWA,2003,0
Botswana,BWA,2004,0
Botswana,BWA,2005,0
Botswana,BWA,2006,0
Botswana,BWA,2007,0
Botswana,BWA,2008,0
Botswana,BWA,2009,0
Botswana,BWA,2010,0
Botswana,BWA,2011,0
Botswana,BWA,2012,0
Botswana,BWA,2013,0
Botswana,BWA,2014,0
Botswana,BWA,2015,0
Botswana,BWA,2016,0
Botswana,BWA,2017,0
Botswana,BWA,2018,0
Botswana,BWA,2019,0
Brazil,BRA,2000,36.38
Brazil,BRA,2001,61.96
Brazil,BRA,2002,201.05
Brazil,BRA,2003,90.92
Brazil,BRA,2004,41.29
Brazil,BRA,2005,64.65
Brazil,BRA,2006,125.77
Brazil,BRA,2007,330.82
Brazil,BRA,2008,562.75
Brazil,BRA,2009,388.45
Brazil,BRA,2010,804.75
Brazil,BRA,2011,615.18
Brazil,BRA,2012,416.78
Brazil,BRA,2013,671.15
Brazil,BRA,2014,480.33
Brazil,BRA,2015,986.97
Brazil,BRA,2016,17.32
Brazil,BRA,2017,15.11
Brazil,BRA,2018,14.46
Brazil,BRA,2019,13.73
Brunei,BRN,2000,0.33
Brunei,BRN,2001,0.34
Brunei,BRN,2002,0.19
Brunei,BRN,2003,0.32
Brunei,BRN,2004,0.41
Brunei,BRN,2005,0.53
Brunei,BRN,2006,0.38
Brunei,BRN,2007,0.25
Brunei,BRN,2008,0.33
Brunei,BRN,2009,0.39
Brunei,BRN,2010,0.47
Brunei,BRN,2011,0.01
Brunei,BRN,2012,0.44
Brunei,BRN,2013,1.33
Brunei,BRN,2014,1.33
Brunei,BRN,2015,0.84
Brunei,BRN,2016,0
Brunei,BRN,2017,0
Brunei,BRN,2018,0
Brunei,BRN,2019,0
Bulgaria,BGR,2000,2.6
Bulgaria,BGR,2001,2.09
Bulgaria,BGR,2002,1.96
Bulgaria,BGR,2003,1.95
Bulgaria,BGR,2004,1.53
Bulgaria,BGR,2005,2.03
Bulgaria,BGR,2006,3.07
Bulgaria,BGR,2007,1.03
Bulgaria,BGR,2008,5.17
Bulgaria,BGR,2009,2.07
Bulgaria,BGR,2010,1.07
Bulgaria,BGR,2011,0
Bulgaria,BGR,2012,0
Bulgaria,BGR,2013,0
Bulgaria,BGR,2014,0
Bulgaria,BGR,2015,0
Bulgaria,BGR,2016,0
Bulgaria,BGR,2017,0
Bulgaria,BGR,2018,0
Bulgaria,BGR,2019,0
Burkina Faso,BFA,2000,0.1
Burkina Faso,BFA,2001,0.1
Burkina Faso,BFA,2002,0.1
Burkina Faso,BFA,2003,0.1
Burkina Faso,BFA,2004,0.1
Burkina Faso,BFA,2005,0.11
Burkina Faso,BFA,2006,0.11
Burkina Faso,BFA,2007,0.11
Burkina Faso,BFA,2008,0.11
Burkina Faso,BFA,2009,0.1
Burkina Faso,BFA,2010,0.11
Burkina Faso,BFA,2011,0.11
Burkina Faso,BFA,2012,0.11
Burkina Faso,BFA,2013,0.15
Burkina Faso,BFA,2014,0.17
Burkina Faso,BFA,2015,0.18
Burkina Faso,BFA,2016,0.18
Burkina Faso,BFA,2017,20.57
Burkina Faso,BFA,2018,0.17
Burkina Faso,BFA,2019,0.19
Burundi,BDI,2000,0.11
Burundi,BDI,2001,0.12
Burundi,BDI,2002,0.14
Burundi,BDI,2003,0.16
Burundi,BDI,2004,0.18
Burundi,BDI,2005,0.18
Burundi,BDI,2006,0.22
Burundi,BDI,2007,0.24
Burundi,BDI,2008,0.26
Burundi,BDI,2009,0.28
Burundi,BDI,2010,0.3
Burundi,BDI,2011,0.32
Burundi,BDI,2012,0.36
Burundi,BDI,2013,0.38
Burundi,BDI,2014,0.39
Burundi,BDI,2015,0.4
Burundi,BDI,2016,0.43
Burundi,BDI,2017,0.45
Burundi,BDI,2018,0.46
Burundi,BDI,2019,0.47
Cambodia,KHM,2000,69.56
Cambodia,KHM,2001,70.1
Cambodia,KHM,2002,68.24
Cambodia,KHM,2003,64.96
Cambodia,KHM,2004,63.22
Cambodia,KHM,2005,61.88
Cambodia,KHM,2006,59.91
Cambodia,KHM,2007,234.07
Cambodia,KHM,2008,55.81
Cambodia,KHM,2009,52.09
Cambodia,KHM,2010,54.31
Cambodia,KHM,2011,54.04
Cambodia,KHM,2012,55.38
Cambodia,KHM,2013,55.07
Cambodia,KHM,2014,54.26
Cambodia,KHM,2015,55.61
Cambodia,KHM,2016,56.27
Cambodia,KHM,2017,55.13
Cambodia,KHM,2018,57.48
Cambodia,KHM,2019,58.16
Cameroon,CMR,2000,0.18
Cameroon,CMR,2001,0.17
Cameroon,CMR,2002,0.18
Cameroon,CMR,2003,0.18
Cameroon,CMR,2004,0.18
Cameroon,CMR,2005,0.19
Cameroon,CMR,2006,0.2
Cameroon,CMR,2007,0.21
Cameroon,CMR,2008,0.23
Cameroon,CMR,2009,0.24
Cameroon,CMR,2010,0.26
Cameroon,CMR,2011,0.26
Cameroon,CMR,2012,0.27
Cameroon,CMR,2013,0.28
Cameroon,CMR,2014,0.28
Cameroon,CMR,2015,0.27
Cameroon,CMR,2016,0.27
Cameroon,CMR,2017,0.28
Cameroon,CMR,2018,0.28
Cameroon,CMR,2019,0.28
Canada,CAN,2000,0
Canada,CAN,2001,0
Canada,CAN,2002,0
Canada,CAN,2003,0
Canada,CAN,2004,0.98
Canada,CAN,2005,0
Canada,CAN,2006,0
Canada,CAN,2007,0
Canada,CAN,2008,0
Canada,CAN,2009,0
Canada,CAN,2010,0
Canada,CAN,2011,0
Canada,CAN,2012,0
Canada,CAN,2013,2
Canada,CAN,2014,0
Canada,CAN,2015,1.01
Canada,CAN,2016,0
Canada,CAN,2017,0
Canada,CAN,2018,0.34
Canada,CAN,2019,0.34
Cape Verde,CPV,2000,0
Cape Verde,CPV,2001,0
Cape Verde,CPV,2002,0
Cape Verde,CPV,2003,0
Cape Verde,CPV,2004,0
Cape Verde,CPV,2005,0
Cape Verde,CPV,2006,0
Cape Verde,CPV,2007,0
Cape Verde,CPV,2008,0
Cape Verde,CPV,2009,4.51
Cape Verde,CPV,2010,0
Cape Verde,CPV,2011,0
Cape Verde,CPV,2012,0
Cape Verde,CPV,2013,0
Cape Verde,CPV,2014,0
Cape Verde,CPV,2015,0
Cape Verde,CPV,2016,0
Cape Verde,CPV,2017,0
Cape Verde,CPV,2018,0
Cape Verde,CPV,2019,0
Central African Republic,CAF,2000,0.04
Central African Republic,CAF,2001,0.04
Central African Republic,CAF,2002,0.04
Central African Republic,CAF,2003,0.04
Central African Republic,CAF,2004,0.03
Central African Republic,CAF,2005,0.03
Central African Republic,CAF,2006,0.04
Central African Republic,CAF,2007,0.04
Central African Republic,CAF,2008,0.04
Central African Republic,CAF,2009,0.04
Central African Republic,CAF,2010,0.04
Central African Republic,CAF,2011,0.04
Central African Republic,CAF,2012,0.04
Central African Republic,CAF,2013,0.03
Central African Republic,CAF,2014,0.03
Central African Republic,CAF,2015,0.04
Central African Republic,CAF,2016,0.03
Central African Republic,CAF,2017,0.03
Central African Republic,CAF,2018,0.03
Central African Republic,CAF,2019,0.03
Chad,TCD,2000,0.08
Chad,TCD,2001,0.07
Chad,TCD,2002,0.08
Chad,TCD,2003,0.08
Chad,TCD,2004,0.08
Chad,TCD,2005,0.09
Chad,TCD,2006,0.1
Chad,TCD,2007,0.1
Chad,TCD,2008,0.1
Chad,TCD,2009,0.11
Chad,TCD,2010,0.11
Chad,TCD,2011,0.11
Chad,TCD,2012,0.12
Chad,TCD,2013,0.13
Chad,TCD,2014,0.13
Chad,TCD,2015,0.13
Chad,TCD,2016,0.13
Chad,TCD,2017,0.13
Chad,TCD,2018,0.13
Chad,TCD,2019,0.13
Chile,CHL,2000,0
Chile,CHL,2001,0
Chile,CHL,2002,0
Chile,CHL,2003,0
Chile,CHL,2004,0
Chile,CHL,2005,0
Chile,CHL,2006,0
Chile,CHL,2007,0
Chile,CHL,2008,0
Chile,CHL,2009,0
Chile,CHL,2010,0
Chile,CHL,2011,0
Chile,CHL,2012,0
Chile,CHL,2013,0
Chile,CHL,2014,0
Chile,CHL,2015,0
Chile,CHL,2016,0
Chile,CHL,2017,0
Chile,CHL,2018,0
Chile,CHL,2019,0
China,CHN,2000,16.65
China,CHN,2001,17.98
China,CHN,2002,18.25
China,CHN,2003,17.9
China,CHN,2004,17.51
China,CHN,2005,16.64
China,CHN,2006,15.43
China,CHN,2007,13.53
China,CHN,2008,13.29
China,CHN,2009,12.76
China,CHN,2010,12.92
China,CHN,2011,12.61
China,CHN,2012,12.05
China,CHN,2013,11.92
China,CHN,2014,11.52
China,CHN,2015,10.88
China,CHN,2016,11.01
China,CHN,2017,11.26
China,CHN,2018,11.55
China,CHN,2019,11.84
Colombia,COL,2000,121.25
Colombia,COL,2001,196.01
Colombia,COL,2002,180.41
Colombia,COL,2003,147.57
Colombia,COL,2004,95.41
Colombia,COL,2005,132.03
Colombia,COL,2006,137.63
Colombia,COL,2007,115.58
Colombia,COL,2008,102.03
Colombia,COL,2009,109.7
Colombia,COL,2010,233.13
Colombia,COL,2011,118.14
Colombia,COL,2012,121.67
Colombia,COL,2013,225.63
Colombia,COL,2014,191.67
Colombia,COL,2015,227.35
Colombia,COL,2016,38.39
Colombia,COL,2017,35.25
Colombia,COL,2018,91.81
Colombia,COL,2019,133.26
Comoros,COM,2000,0.01
Comoros,COM,2001,0.01
Comoros,COM,2002,0.01
Comoros,COM,2003,0.01
Comoros,COM,2004,0.01
Comoros,COM,2005,0.02
Comoros,COM,2006,0.02
Comoros,COM,2007,0.02
Comoros,COM,2008,0.02
Comoros,COM,2009,0.02
Comoros,COM,2010,0.02
Comoros,COM,2011,0.02
Comoros,COM,2012,0.03
Comoros,COM,2013,0.03
Comoros,COM,2014,0.03
Comoros,COM,2015,0.03
Comoros,COM,2016,0.03
Comoros,COM,2017,0.03
Comoros,COM,2018,0.03
Comoros,COM,2019,0.03
Congo,COG,2000,0.04
Congo,COG,2001,0.04
Congo,COG,2002,0.03
Congo,COG,2003,0.04
Congo,COG,2004,0.04
Congo,COG,2005,0.04
Congo,COG,2006,0.04
Congo,COG,2007,0.04
Congo,COG,2008,0.04
Congo,COG,2009,0.04
Congo,COG,2010,0.04
Congo,COG,2011,0.04
Congo,COG,2012,0.04
Congo,COG,2013,0.04
Congo,COG,2014,0.04
Congo,COG,2015,0.03
Congo,COG,2016,0.03
Congo,COG,2017,0.03
Congo,COG,2018,0.03
Congo,COG,2019,0.03
Costa Rica,CRI,2000,0.11
Costa Rica,CRI,2001,1.1
Costa Rica,CRI,2002,1.19
Costa Rica,CRI,2003,1.11
Costa Rica,CRI,2004,0.13
Costa Rica,CRI,2005,3.18
Costa Rica,CRI,2006,1.29
Costa Rica,CRI,2007,3.22
Costa Rica,CRI,2008,1.18
Costa Rica,CRI,2009,0.15
Costa Rica,CRI,2010,4.18
Costa Rica,CRI,2011,0.14
Costa Rica,CRI,2012,2.15
Costa Rica,CRI,2013,3.39
Costa Rica,CRI,2014,0.08
Costa Rica,CRI,2015,2.11
Costa Rica,CRI,2016,0.08
Costa Rica,CRI,2017,0.08
Costa Rica,CRI,2018,0.66
Costa Rica,CRI,2019,0.06
Cote d'Ivoire,CIV,2000,0.16
Cote d'Ivoire,CIV,2001,0.15
Cote d'Ivoire,CIV,2002,0.14
Cote d'Ivoire,CIV,2003,0.15
Cote d'Ivoire,CIV,2004,0.15
Cote d'Ivoire,CIV,2005,0.16
Cote d'Ivoire,CIV,2006,0.17
Cote d'Ivoire,CIV,2007,0.17
Cote d'Ivoire,CIV,2008,0.17
Cote d'Ivoire,CIV,2009,0.18
Cote d'Ivoire,CIV,2010,0.19
Cote d'Ivoire,CIV,2011,0.2
Cote d'Ivoire,CIV,2012,0.22
Cote d'Ivoire,CIV,2013,0.23
Cote d'Ivoire,CIV,2014,0.23
Cote d'Ivoire,CIV,2015,0.25
Cote d'Ivoire,CIV,2016,0.25
Cote d'Ivoire,CIV,2017,4.29
Cote d'Ivoire,CIV,2018,0.25
Cote d'Ivoire,CIV,2019,0.26
Croatia,HRV,2000,0
Croatia,HRV,2001,0
Croatia,HRV,2002,0
Croatia,HRV,2003,0
Croatia,HRV,2004,0
Croatia,HRV,2005,0
Croatia,HRV,2006,0
Croatia,HRV,2007,0
Croatia,HRV,2008,0
Croatia,HRV,2009,0
Croatia,HRV,2010,0
Croatia,HRV,2011,0
Croatia,HRV,2012,0
Croatia,HRV,2013,0
Croatia,HRV,2014,0
Croatia,HRV,2015,0
Croatia,HRV,2016,0
Croatia,HRV,2017,0
Croatia,HRV,2018,0
Croatia,HRV,2019,0
Cuba,CUB,2000,0.02
Cuba,CUB,2001,2.06
Cuba,CUB,2002,1.03
Cuba,CUB,2003,0.02
Cuba,CUB,2004,0.03
Cuba,CUB,2005,0.03
Cuba,CUB,2006,22.28
Cuba,CUB,2007,4.03
Cuba,CUB,2008,0.01
Cuba,CUB,2009,0.01
Cuba,CUB,2010,1.02
Cuba,CUB,2011,0.01
Cuba,CUB,2012,0
Cuba,CUB,2013,0
Cuba,CUB,2014,0.01
Cuba,CUB,2015,0
Cuba,CUB,2016,0
Cuba,CUB,2017,0
Cuba,CUB,2018,0.01
Cuba,CUB,2019,0.01
Cyprus,CYP,2000,0
Cyprus,CYP,2001,0
Cyprus,CYP,2002,0
Cyprus,CYP,2003,0
Cyprus,CYP,2004,0
Cyprus,CYP,2005,0
Cyprus,CYP,2006,0
Cyprus,CYP,2007,0
Cyprus,CYP,2008,0
Cyprus,CYP,2009,0
Cyprus,CYP,2010,0
Cyprus,CYP,2011,0
Cyprus,CYP,2012,0
Cyprus,CYP,2013,0
Cyprus,CYP,2014,0
Cyprus,CYP,2015,0
Cyprus,CYP,2016,0
Cyprus,CYP,2017,0
Cyprus,CYP,2018,0
Cyprus,CYP,2019,0
Czechia,CZE,2000,0
Czechia,CZE,2001,0
Czechia,CZE,2002,0
Czechia,CZE,2003,0
Czechia,CZE,2004,0
Czechia,CZE,2005,0
Czechia,CZE,2006,0
Czechia,CZE,2007,0
Czechia,CZE,2008,0
Czechia,CZE,2009,0
Czechia,CZE,2010,0
Czechia,CZE,2011,0
Czechia,CZE,2012,0
Czechia,CZE,2013,0
Czechia,CZE,2014,0
Czechia,CZE,2015,0
Czechia,CZE,2016,0
Czechia,CZE,2017,0
Czechia,CZE,2018,0
Czechia,CZE,2019,0
Democratic Republic of Congo,COD,2000,0.54
Democratic Republic of Congo,COD,2001,0.52
Democratic Republic of Congo,COD,2002,0.47
Democratic Republic of Congo,COD,2003,0.5
Democratic Republic of Congo,COD,2004,0.46
Democratic Republic of Congo,COD,2005,0.51
Democratic Republic of Congo,COD,2006,0.55
Democratic Republic of Congo,COD,2007,0.56
Democratic Republic of Congo,COD,2008,0.57
Democratic Republic of Congo,COD,2009,0.63
Democratic Republic of Congo,COD,2010,0.66
Democratic Republic of Congo,COD,2011,0.68
Democratic Republic of Congo,COD,2012,0.72
Democratic Republic of Congo,COD,2013,0.75
Democratic Republic of Congo,COD,2014,0.8
Democratic Republic of Congo,COD,2015,0.8
Democratic Republic of Congo,COD,2016,0.75
Democratic Republic of Congo,COD,2017,0.86
Democratic Republic of Congo,COD,2018,0.9
Democratic Republic of Congo,COD,2019,0.8
Denmark,DNK,2000,0
Denmark,DNK,2001,0
Denmark,DNK,2002,0
Denmark,DNK,2003,0
Denmark,DNK,2004,0
Denmark,DNK,2005,0
Denmark,DNK,2006,0
Denmark,DNK,2007,0
Denmark,DNK,2008,0
Denmark,DNK,2009,0
Denmark,DNK,2010,0
Denmark,DNK,2011,0
Denmark,DNK,2012,0
Denmark,DNK,2013,0
Denmark,DNK,2014,0
Denmark,DNK,2015,0
Denmark,DNK,2016,0
Denmark,DNK,2017,0
Denmark,DNK,2018,0
Denmark,DNK,2019,0
Djibouti,DJI,2000,0.01
Djibouti,DJI,2001,0.01
Djibouti,DJI,2002,0.02
Djibouti,DJI,2003,0.02
Djibouti,DJI,2004,0.02
Djibouti,DJI,2005,0.02
Djibouti,DJI,2006,0.02
Djibouti,DJI,2007,0.02
Djibouti,DJI,2008,0.02
Djibouti,DJI,2009,0.02
Djibouti,DJI,2010,0.03
Djibouti,DJI,2011,0.03
Djibouti,DJI,2012,0.03
Djibouti,DJI,2013,0.03
Djibouti,DJI,2014,0.03
Djibouti,DJI,2015,0.03
Djibouti,DJI,2016,0.03
Djibouti,DJI,2017,0.03
Djibouti,DJI,2018,0.03
Djibouti,DJI,2019,0.04
Dominican Republic,DOM,2000,10.55
Dominican Republic,DOM,2001,12.31
Dominican Republic,DOM,2002,14.97
Dominican Republic,DOM,2003,19.03
Dominican Republic,DOM,2004,20.84
Dominican Republic,DOM,2005,24.24
Dominican Republic,DOM,2006,29.01
Dominican Republic,DOM,2007,31.49
Dominican Republic,DOM,2008,31.97
Dominican Republic,DOM,2009,49.64
Dominican Republic,DOM,2010,29.29
Dominican Republic,DOM,2011,25.59
Dominican Republic,DOM,2012,21.33
Dominican Republic,DOM,2013,17.71
Dominican Republic,DOM,2014,15.48
Dominican Republic,DOM,2015,12.38
Dominican Republic,DOM,2016,9.87
Dominican Republic,DOM,2017,7.48
Dominican Republic,DOM,2018,5.84
Dominican Republic,DOM,2019,4.71
East Timor,TLS,2000,3.93
East Timor,TLS,2001,4.03
East Timor,TLS,2002,3.97
East Timor,TLS,2003,4.24
East Timor,TLS,2004,4.02
East Timor,TLS,2005,29.89
East Timor,TLS,2006,4.05
East Timor,TLS,2007,4.01
East Timor,TLS,2008,4.01
East Timor,TLS,2009,4.76
East Timor,TLS,2010,4.65
East Timor,TLS,2011,4.97
East Timor,TLS,2012,4.92
East Timor,TLS,2013,4.89
East Timor,TLS,2014,7.3
East Timor,TLS,2015,4.55
East Timor,TLS,2016,4.7
East Timor,TLS,2017,4.44
East Timor,TLS,2018,4.63
East Timor,TLS,2019,4.78
Ecuador,ECU,2000,13.5
Ecuador,ECU,2001,7.9
Ecuador,ECU,2002,9.46
Ecuador,ECU,2003,11.93
Ecuador,ECU,2004,15.58
Ecuador,ECU,2005,19.43
Ecuador,ECU,2006,21.39
Ecuador,ECU,2007,22.67
Ecuador,ECU,2008,22.92
Ecuador,ECU,2009,23.58
Ecuador,ECU,2010,25.75
Ecuador,ECU,2011,21.85
Ecuador,ECU,2012,28.86
Ecuador,ECU,2013,18.05
Ecuador,ECU,2014,14.65
Ecuador,ECU,2015,12.35
Ecuador,ECU,2016,9.95
Ecuador,ECU,2017,10.12
Ecuador,ECU,2018,9.62
Ecuador,ECU,2019,9.66
Egypt,EGY,2000,6.8
Egypt,EGY,2001,6.16
Egypt,EGY,2002,5.69
Egypt,EGY,2003,5.26
Egypt,EGY,2004,5.03
Egypt,EGY,2005,4.83
Egypt,EGY,2006,4.5
Egypt,EGY,2007,4.38
Egypt,EGY,2008,4.46
Egypt,EGY,2009,4.51
Egypt,EGY,2010,4.6
Egypt,EGY,2011,4.61
Egypt,EGY,2012,4.63
Egypt,EGY,2013,4.45
Egypt,EGY,2014,4.89
Egypt,EGY,2015,4.73
Egypt,EGY,2016,4.97
Egypt,EGY,2017,4.84
Egypt,EGY,2018,4.97
Egypt,EGY,2019,5.02
El Salvador,SLV,2000,29.23
El Salvador,SLV,2001,9.64
El Salvador,SLV,2002,14.22
El Salvador,SLV,2003,6.68
El Salvador,SLV,2004,2.6
El Salvador,SLV,2005,6.05
El Salvador,SLV,2006,3.85
El Salvador,SLV,2007,2.29
El Salvador,SLV,2008,2.85
El Salvador,SLV,2009,8.42
El Salvador,SLV,2010,1.63
El Salvador,SLV,2011,3.38
El Salvador,SLV,2012,1.21
El Salvador,SLV,2013,2.66
El Salvador,SLV,2014,2.71
El Salvador,SLV,2015,23.99
El Salvador,SLV,2016,7.41
El Salvador,SLV,2017,7.74
El Salvador,SLV,2018,7.57
El Salvador,SLV,2019,8.98
Equatorial Guinea,GNQ,2000,0.01
Equatorial Guinea,GNQ,2001,0.01
Equatorial Guinea,GNQ,2002,0.01
Equatorial Guinea,GNQ,2003,0.01
Equatorial Guinea,GNQ,2004,0.01
Equatorial Guinea,GNQ,2005,0.01
Equatorial Guinea,GNQ,2006,0.01
Equatorial Guinea,GNQ,2007,0.01
Equatorial Guinea,GNQ,2008,0.01
Equatorial Guinea,GNQ,2009,0.01
Equatorial Guinea,GNQ,2010,0.01
Equatorial Guinea,GNQ,2011,0.01
Equatorial Guinea,GNQ,2012,0.01
Equatorial Guinea,GNQ,2013,0.01
Equatorial Guinea,GNQ,2014,0.01
Equatorial Guinea,GNQ,2015,0.01
Equatorial Guinea,GNQ,2016,0.01
Equatorial Guinea,GNQ,2017,0.01
Equatorial Guinea,GNQ,2018,0.01
Equatorial Guinea,GNQ,2019,0.01
Eritrea,ERI,2000,0.02
Eritrea,ERI,2001,0.02
Eritrea,ERI,2002,0.03
Eritrea,ERI,2003,0.03
Eritrea,ERI,2004,0.03
Eritrea,ERI,2005,0.04
Eritrea,ERI,2006,0.04
Eritrea,ERI,2007,0.04
Eritrea,ERI,2008,0.05
Eritrea,ERI,2009,0.05
Eritrea,ERI,2010,0.05
Eritrea,ERI,2011,0.05
Eritrea,ERI,2012,0.05
Eritrea,ERI,2013,0.05
Eritrea,ERI,2014,0.05
Eritrea,ERI,2015,0.05
Eritrea,ERI,2016,0.06
Eritrea,ERI,2017,0.05
Eritrea,ERI,2018,0.06
Eritrea,ERI,2019,0.06
Estonia,EST,2000,0
Estonia,EST,2001,0
Estonia,EST,2002,0
Estonia,EST,2003,0
Estonia,EST,2004,0
Estonia,EST,2005,0
Estonia,EST,2006,0
Estonia,EST,2007,0
Estonia,EST,2008,0
Estonia,EST,2009,0
Estonia,EST,2010,0
Estonia,EST,2011,0
Estonia,EST,2012,0
Estonia,EST,2013,0
Estonia,EST,2014,0
Estonia,EST,2015,0
Estonia,EST,2016,0
Estonia,EST,2017,0
Estonia,EST,2018,0
Estonia,EST,2019,0
Eswatini,SWZ,2000,0.02
Eswatini,SWZ,2001,0.02
Eswatini,SWZ,2002,0.03
Eswatini,SWZ,2003,0.03
Eswatini,SWZ,2004,0.03
Eswatini,SWZ,2005,0.03
Eswatini,SWZ,2006,0.04
Eswatini,SWZ,2007,0.05
Eswatini,SWZ,2008,0.05
Eswatini,SWZ,2009,0.05
Eswatini,SWZ,2010,0.05
Eswatini,SWZ,2011,0.04
Eswatini,SWZ,2012,0.05
Eswatini,SWZ,2013,0.04
Eswatini,SWZ,2014,0.04
Eswatini,SWZ,2015,0.03
Eswatini,SWZ,2016,0.03
Eswatini,SWZ,2017,0.03
Eswatini,SWZ,2018,0.03
Eswatini,SWZ,2019,0.03
Ethiopia,ETH,2000,1.81
Ethiopia,ETH,2001,2.62
Ethiopia,ETH,2002,3.3
Ethiopia,ETH,2003,3.95
Ethiopia,ETH,2004,4.41
Ethiopia,ETH,2005,4.83
Ethiopia,ETH,2006,4.83
Ethiopia,ETH,2007,6.05
Ethiopia,ETH,2008,7.41
Ethiopia,ETH,2009,10.32
Ethiopia,ETH,2010,12.03
Ethiopia,ETH,2011,14.36
Ethiopia,ETH,2012,14.87
Ethiopia,ETH,2013,16.8
Ethiopia,ETH,2014,16.64
Ethiopia,ETH,2015,18
Ethiopia,ETH,2016,20.26
Ethiopia,ETH,2017,21.46
Ethiopia,ETH,2018,21.18
Ethiopia,ETH,2019,20.24
Europe,,2000,3.69
Europe,,2001,2.09
Europe,,2002,3.0500002
Europe,,2003,1.95
Europe,,2004,2.67
Europe,,2005,4.12
Europe,,2006,4.1099997
Europe,,2007,4.1499996
Europe,,2008,6.19
Europe,,2009,2.07
Europe,,2010,2.14
Europe,,2011,0
Europe,,2012,3.15
Europe,,2013,1.24
Europe,,2014,3.17
Europe,,2015,1.03
Europe,,2016,0
Europe,,2017,0.75
Europe,,2018,0.76
Europe,,2019,0.77
Fiji,FJI,2000,3.89
Fiji,FJI,2001,3.93
Fiji,FJI,2002,3.84
Fiji,FJI,2003,3.84
Fiji,FJI,2004,3.45
Fiji,FJI,2005,3.42
Fiji,FJI,2006,3.47
Fiji,FJI,2007,3.56
Fiji,FJI,2008,4.17
Fiji,FJI,2009,3.27
Fiji,FJI,2010,2.76
Fiji,FJI,2011,2.3
Fiji,FJI,2012,2.52
Fiji,FJI,2013,2.49
Fiji,FJI,2014,2.47
Fiji,FJI,2015,2.45
Fiji,FJI,2016,2.5
Fiji,FJI,2017,2.57
Fiji,FJI,2018,2.61
Fiji,FJI,2019,2.63
Finland,FIN,2000,0
Finland,FIN,2001,0
Finland,FIN,2002,1.09
Finland,FIN,2003,0
Finland,FIN,2004,0
Finland,FIN,2005,0
Finland,FIN,2006,0
Finland,FIN,2007,0
Finland,FIN,2008,0
Finland,FIN,2009,0
Finland,FIN,2010,0
Finland,FIN,2011,0
Finland,FIN,2012,0
Finland,FIN,2013,0
Finland,FIN,2014,0
Finland,FIN,2015,0
Finland,FIN,2016,0
Finland,FIN,2017,0
Finland,FIN,2018,0
Finland,FIN,2019,0
France,FRA,2000,0
France,FRA,2001,0
France,FRA,2002,0
France,FRA,2003,0
France,FRA,2004,0
France,FRA,2005,0
France,FRA,2006,0
France,FRA,2007,1.05
France,FRA,2008,0
France,FRA,2009,0
France,FRA,2010,1.07
France,FRA,2011,0
France,FRA,2012,0
France,FRA,2013,1.24
France,FRA,2014,1.13
France,FRA,2015,0
France,FRA,2016,0
France,FRA,2017,0.41
France,FRA,2018,0.41
France,FRA,2019,0.41
Gabon,GAB,2000,0.01
Gabon,GAB,2001,0.01
Gabon,GAB,2002,0.01
Gabon,GAB,2003,0.01
Gabon,GAB,2004,0.01
Gabon,GAB,2005,0.01
Gabon,GAB,2006,0.01
Gabon,GAB,2007,0.01
Gabon,GAB,2008,0.01
Gabon,GAB,2009,0.01
Gabon,GAB,2010,0.01
Gabon,GAB,2011,0.01
Gabon,GAB,2012,0.01
Gabon,GAB,2013,0.01
Gabon,GAB,2014,0.01
Gabon,GAB,2015,0.01
Gabon,GAB,2016,0.01
Gabon,GAB,2017,0.01
Gabon,GAB,2018,0.01
Gabon,GAB,2019,0.01
Gambia,GMB,2000,0.01
Gambia,GMB,2001,0.01
Gambia,GMB,2002,0.01
Gambia,GMB,2003,0.01
Gambia,GMB,2004,0.01
Gambia,GMB,2005,0.01
Gambia,GMB,2006,0.01
Gambia,GMB,2007,0.01
Gambia,GMB,2008,0.01
Gambia,GMB,2009,0.01
Gambia,GMB,2010,0.01
Gambia,GMB,2011,0.01
Gambia,GMB,2012,0.01
Gambia,GMB,2013,0.01
Gambia,GMB,2014,0.01
Gambia,GMB,2015,0.01
Gambia,GMB,2016,0.01
Gambia,GMB,2017,0.01
Gambia,GMB,2018,0.01
Gambia,GMB,2019,0.01
Georgia,GEO,2000,0
Georgia,GEO,2001,0
Georgia,GEO,2002,0
Georgia,GEO,2003,0
Georgia,GEO,2004,0
Georgia,GEO,2005,0
Georgia,GEO,2006,0
Georgia,GEO,2007,0
Georgia,GEO,2008,0
Georgia,GEO,2009,0
Georgia,GEO,2010,0
Georgia,GEO,2011,0
Georgia,GEO,2012,0
Georgia,GEO,2013,0
Georgia,GEO,2014,0
Georgia,GEO,2015,0
Georgia,GEO,2016,0
Georgia,GEO,2017,0
Georgia,GEO,2018,0
Georgia,GEO,2019,0
Germany,DEU,2000,0
Germany,DEU,2001,0
Germany,DEU,2002,0
Germany,DEU,2003,0
Germany,DEU,2004,0
Germany,DEU,2005,0
Germany,DEU,2006,0
Germany,DEU,2007,0
Germany,DEU,2008,0
Germany,DEU,2009,0
Germany,DEU,2010,0
Germany,DEU,2011,0
Germany,DEU,2012,0.97
Germany,DEU,2013,0
Germany,DEU,2014,0
Germany,DEU,2015,0
Germany,DEU,2016,0
Germany,DEU,2017,0
Germany,DEU,2018,0
Germany,DEU,2019,0
Ghana,GHA,2000,0.08
Ghana,GHA,2001,0.09
Ghana,GHA,2002,0.09
Ghana,GHA,2003,0.1
Ghana,GHA,2004,0.11
Ghana,GHA,2005,0.12
Ghana,GHA,2006,0.13
Ghana,GHA,2007,0.15
Ghana,GHA,2008,0.15
Ghana,GHA,2009,0.15
Ghana,GHA,2010,0.15
Ghana,GHA,2011,0.15
Ghana,GHA,2012,0.16
Ghana,GHA,2013,0.16
Ghana,GHA,2014,0.16
Ghana,GHA,2015,0.17
Ghana,GHA,2016,0.17
Ghana,GHA,2017,0.17
Ghana,GHA,2018,0.17
Ghana,GHA,2019,0.17
Greece,GRC,2000,0
Greece,GRC,2001,0
Greece,GRC,2002,0
Greece,GRC,2003,0
Greece,GRC,2004,0
Greece,GRC,2005,0
Greece,GRC,2006,0
Greece,GRC,2007,0
Greece,GRC,2008,0
Greece,GRC,2009,0
Greece,GRC,2010,0
Greece,GRC,2011,0
Greece,GRC,2012,0
Greece,GRC,2013,0
Greece,GRC,2014,0
Greece,GRC,2015,0
Greece,GRC,2016,0
Greece,GRC,2017,0
Greece,GRC,2018,0
Greece,GRC,2019,0
Grenada,GRD,2000,0
Grenada,GRD,2001,0
Grenada,GRD,2002,0
Grenada,GRD,2003,0
Grenada,GRD,2004,0.01
Grenada,GRD,2005,0.01
Grenada,GRD,2006,0.01
Grenada,GRD,2007,0.01
Grenada,GRD,2008,0.01
Grenada,GRD,2009,0.01
Grenada,GRD,2010,0.01
Grenada,GRD,2011,0
Grenada,GRD,2012,0
Grenada,GRD,2013,0
Grenada,GRD,2014,0
Grenada,GRD,2015,0
Grenada,GRD,2016,0
Grenada,GRD,2017,0
Grenada,GRD,2018,0
Grenada,GRD,2019,0
Guatemala,GTM,2000,14.63
Guatemala,GTM,2001,14.83
Guatemala,GTM,2002,28.07
Guatemala,GTM,2003,27.62
Guatemala,GTM,2004,25.53
Guatemala,GTM,2005,28.64
Guatemala,GTM,2006,30.35
Guatemala,GTM,2007,47.41
Guatemala,GTM,2008,31.57
Guatemala,GTM,2009,92.21
Guatemala,GTM,2010,214.52
Guatemala,GTM,2011,64.62
Guatemala,GTM,2012,57.52
Guatemala,GTM,2013,78.42
Guatemala,GTM,2014,72.39
Guatemala,GTM,2015,128.18
Guatemala,GTM,2016,27.8
Guatemala,GTM,2017,75.03
Guatemala,GTM,2018,32.76
Guatemala,GTM,2019,32.59
Guinea,GIN,2000,0.06
Guinea,GIN,2001,0.06
Guinea,GIN,2002,0.07
Guinea,GIN,2003,0.07
Guinea,GIN,2004,0.07
Guinea,GIN,2005,0.07
Guinea,GIN,2006,0.07
Guinea,GIN,2007,0.08
Guinea,GIN,2008,0.08
Guinea,GIN,2009,0.08
Guinea,GIN,2010,0.08
Guinea,GIN,2011,0.09
Guinea,GIN,2012,0.09
Guinea,GIN,2013,0.09
Guinea,GIN,2014,0.09
Guinea,GIN,2015,0.1
Guinea,GIN,2016,0.1
Guinea,GIN,2017,0.1
Guinea,GIN,2018,0.1
Guinea,GIN,2019,0.09
Guinea-Bissau,GNB,2000,0.01
Guinea-Bissau,GNB,2001,0.01
Guinea-Bissau,GNB,2002,0.01
Guinea-Bissau,GNB,2003,0.01
Guinea-Bissau,GNB,2004,0.01
Guinea-Bissau,GNB,2005,0.01
Guinea-Bissau,GNB,2006,0.01
Guinea-Bissau,GNB,2007,0.01
Guinea-Bissau,GNB,2008,0.01
Guinea-Bissau,GNB,2009,0.01
Guinea-Bissau,GNB,2010,0.01
Guinea-Bissau,GNB,2011,0.01
Guinea-Bissau,GNB,2012,0.01
Guinea-Bissau,GNB,2013,0.01
Guinea-Bissau,GNB,2014,0.01
Guinea-Bissau,GNB,2015,0.01
Guinea-Bissau,GNB,2016,0.01
Guinea-Bissau,GNB,2017,0.01
Guinea-Bissau,GNB,2018,0.01
Guinea-Bissau,GNB,2019,0.01
Guyana,GUY,2000,0.87
Guyana,GUY,2001,0.59
Guyana,GUY,2002,0.53
Guyana,GUY,2003,0.55
Guyana,GUY,2004,0.75
Guyana,GUY,2005,1.04
Guyana,GUY,2006,2.45
Guyana,GUY,2007,2.24
Guyana,GUY,2008,6.03
Guyana,GUY,2009,4.88
Guyana,GUY,2010,6.5
Guyana,GUY,2011,3.44
Guyana,GUY,2012,2.92
Guyana,GUY,2013,1.19
Guyana,GUY,2014,1.14
Guyana,GUY,2015,1.77
Guyana,GUY,2016,1.8
Guyana,GUY,2017,1.82
Guyana,GUY,2018,1.82
Guyana,GUY,2019,1.84
Haiti,HTI,2000,10.65
Haiti,HTI,2001,9.98
Haiti,HTI,2002,10.72
Haiti,HTI,2003,11.29
Haiti,HTI,2004,11.53
Haiti,HTI,2005,12.51
Haiti,HTI,2006,13.12
Haiti,HTI,2007,13.7
Haiti,HTI,2008,14.01
Haiti,HTI,2009,14.63
Haiti,HTI,2010,19.23
Haiti,HTI,2011,14.7
Haiti,HTI,2012,15.43
Haiti,HTI,2013,16.21
Haiti,HTI,2014,16.2
Haiti,HTI,2015,16.6
Haiti,HTI,2016,16.49
Haiti,HTI,2017,16.57
Haiti,HTI,2018,16.55
Haiti,HTI,2019,16.83
Honduras,HND,2000,24.86
Honduras,HND,2001,30.47
Honduras,HND,2002,44.51
Honduras,HND,2003,39.59
Honduras,HND,2004,42.6
Honduras,HND,2005,46.37
Honduras,HND,2006,49.57
Honduras,HND,2007,50.73
Honduras,HND,2008,49.04
Honduras,HND,2009,56.42
Honduras,HND,2010,97.43
Honduras,HND,2011,47.67
Honduras,HND,2012,46.86
Honduras,HND,2013,69.27
Honduras,HND,2014,49.17
Honduras,HND,2015,51.65
Honduras,HND,2016,48.75
Honduras,HND,2017,51.38
Honduras,HND,2018,49.43
Honduras,HND,2019,120.22
Hungary,HUN,2000,0
Hungary,HUN,2001,0
Hungary,HUN,2002,0
Hungary,HUN,2003,0
Hungary,HUN,2004,0
Hungary,HUN,2005,0
Hungary,HUN,2006,0
Hungary,HUN,2007,0
Hungary,HUN,2008,0
Hungary,HUN,2009,0
Hungary,HUN,2010,0
Hungary,HUN,2011,0
Hungary,HUN,2012,0
Hungary,HUN,2013,0
Hungary,HUN,2014,0
Hungary,HUN,2015,0
Hungary,HUN,2016,0
Hungary,HUN,2017,0
Hungary,HUN,2018,0
Hungary,HUN,2019,0
Iceland,ISL,2000,0
Iceland,ISL,2001,0
Iceland,ISL,2002,0
Iceland,ISL,2003,0
Iceland,ISL,2004,0
Iceland,ISL,2005,0
Iceland,ISL,2006,0
Iceland,ISL,2007,0
Iceland,ISL,2008,0
Iceland,ISL,2009,0
Iceland,ISL,2010,0
Iceland,ISL,2011,0
Iceland,ISL,2012,0
Iceland,ISL,2013,0
Iceland,ISL,2014,0
Iceland,ISL,2015,0
Iceland,ISL,2016,0
Iceland,ISL,2017,0
Iceland,ISL,2018,0
Iceland,ISL,2019,0
India,IND,2000,8900.22
India,IND,2001,9012.36
India,IND,2002,9186.36
India,IND,2003,9149.28
India,IND,2004,9056.8
India,IND,2005,9443.09
India,IND,2006,9937.04
India,IND,2007,10544.27
India,IND,2008,11037.22
India,IND,2009,11695.07
India,IND,2010,12611.78
India,IND,2011,13711.7
India,IND,2012,15129.06
India,IND,2013,15523.89
India,IND,2014,15752.2
India,IND,2015,15881.52
India,IND,2016,16089.41
India,IND,2017,16404.72
India,IND,2018,17095.2
India,IND,2019,17545.72
Indonesia,IDN,2000,7975.47
Indonesia,IDN,2001,8069.18
Indonesia,IDN,2002,8248.51
Indonesia,IDN,2003,8028.87
Indonesia,IDN,2004,9110.43
Indonesia,IDN,2005,7731.27
Indonesia,IDN,2006,7412.13
Indonesia,IDN,2007,7803.17
Indonesia,IDN,2008,7670.23
Indonesia,IDN,2009,7498.89
Indonesia,IDN,2010,7294.48
Indonesia,IDN,2011,7164.28
Indonesia,IDN,2012,7239.27
Indonesia,IDN,2013,7199.04
Indonesia,IDN,2014,7283.49
Indonesia,IDN,2015,7619.84
Indonesia,IDN,2016,7519.1
Indonesia,IDN,2017,7899.64
Indonesia,IDN,2018,7621.66
Indonesia,IDN,2019,7938.44
Iran,IRN,2000,0
Iran,IRN,2001,0
Iran,IRN,2002,0
Iran,IRN,2003,0
Iran,IRN,2004,0
Iran,IRN,2005,0
Iran,IRN,2006,0
Iran,IRN,2007,0
Iran,IRN,2008,0
Iran,IRN,2009,0
Iran,IRN,2010,0
Iran,IRN,2011,0
Iran,IRN,2012,0
Iran,IRN,2013,0
Iran,IRN,2014,0
Iran,IRN,2015,0
Iran,IRN,2016,0
Iran,IRN,2017,0
Iran,IRN,2018,0
Iran,IRN,2019,0
Iraq,IRQ,2000,0
Iraq,IRQ,2001,0
Iraq,IRQ,2002,0
Iraq,IRQ,2003,0
Iraq,IRQ,2004,0
Iraq,IRQ,2005,0
Iraq,IRQ,2006,0
Iraq,IRQ,2007,0
Iraq,IRQ,2008,0
Iraq,IRQ,2009,0
Iraq,IRQ,2010,0
Iraq,IRQ,2011,0
Iraq,IRQ,2012,0
Iraq,IRQ,2013,0
Iraq,IRQ,2014,0
Iraq,IRQ,2015,0
Iraq,IRQ,2016,0
Iraq,IRQ,2017,0
Iraq,IRQ,2018,0
Iraq,IRQ,2019,0
Ireland,IRL,2000,0
Ireland,IRL,2001,0
Ireland,IRL,2002,0
Ireland,IRL,2003,0
Ireland,IRL,2004,0
Ireland,IRL,2005,0
Ireland,IRL,2006,0
Ireland,IRL,2007,0
Ireland,IRL,2008,0
Ireland,IRL,2009,0
Ireland,IRL,2010,0
Ireland,IRL,2011,0
Ireland,IRL,2012,0
Ireland,IRL,2013,0
Ireland,IRL,2014,0
Ireland,IRL,2015,0
Ireland,IRL,2016,0
Ireland,IRL,2017,0
Ireland,IRL,2018,0
Ireland,IRL,2019,0
Israel,ISR,2000,0
Israel,ISR,2001,0
Israel,ISR,2002,0
Israel,ISR,2003,0
Israel,ISR,2004,0
Israel,ISR,2005,0
Israel,ISR,2006,0
Israel,ISR,2007,0
Israel,ISR,2008,0
Israel,ISR,2009,0
Israel,ISR,2010,0
Israel,ISR,2011,0
Israel,ISR,2012,0
Israel,ISR,2013,0
Israel,ISR,2014,0
Israel,ISR,2015,0
Israel,ISR,2016,0
Israel,ISR,2017,0
Israel,ISR,2018,0
Israel,ISR,2019,0
Italy,ITA,2000,0
Italy,ITA,2001,0
Italy,ITA,2002,0
Italy,ITA,2003,0
Italy,ITA,2004,1.14
Italy,ITA,2005,0
Italy,ITA,2006,0
Italy,ITA,2007,0
Italy,ITA,2008,0
Italy,ITA,2009,0
Italy,ITA,2010,0
Italy,ITA,2011,0
Italy,ITA,2012,0
Italy,ITA,2013,0
Italy,ITA,2014,0
Italy,ITA,2015,0
Italy,ITA,2016,0
Italy,ITA,2017,0
Italy,ITA,2018,0
Italy,ITA,2019,0
Jamaica,JAM,2000,0.02
Jamaica,JAM,2001,0.02
Jamaica,JAM,2002,0.03
Jamaica,JAM,2003,0.02
Jamaica,JAM,2004,0.03
Jamaica,JAM,2005,0.03
Jamaica,JAM,2006,0.02
Jamaica,JAM,2007,0.05
Jamaica,JAM,2008,0.1
Jamaica,JAM,2009,0.11
Jamaica,JAM,2010,0.65
Jamaica,JAM,2011,0.9
Jamaica,JAM,2012,17.35
Jamaica,JAM,2013,2.04
Jamaica,JAM,2014,2.12
Jamaica,JAM,2015,1.82
Jamaica,JAM,2016,1.57
Jamaica,JAM,2017,1.35
Jamaica,JAM,2018,1.2
Jamaica,JAM,2019,1.09
Japan,JPN,2000,0
Japan,JPN,2001,0
Japan,JPN,2002,0
Japan,JPN,2003,0
Japan,JPN,2004,0
Japan,JPN,2005,1.01
Japan,JPN,2006,0
Japan,JPN,2007,0
Japan,JPN,2008,0
Japan,JPN,2009,0
Japan,JPN,2010,0
Japan,JPN,2011,0
Japan,JPN,2012,0
Japan,JPN,2013,0
Japan,JPN,2014,0
Japan,JPN,2015,0
Japan,JPN,2016,0
Japan,JPN,2017,0
Japan,JPN,2018,0
Japan,JPN,2019,0
Jordan,JOR,2000,0.01
Jordan,JOR,2001,0.01
Jordan,JOR,2002,0.01
Jordan,JOR,2003,0.01
Jordan,JOR,2004,0.01
Jordan,JOR,2005,0.01
Jordan,JOR,2006,0.01
Jordan,JOR,2007,0.01
Jordan,JOR,2008,0.01
Jordan,JOR,2009,0.01
Jordan,JOR,2010,0.01
Jordan,JOR,2011,0.01
Jordan,JOR,2012,0.01
Jordan,JOR,2013,0.01
Jordan,JOR,2014,0.01
Jordan,JOR,2015,0.01
Jordan,JOR,2016,0.01
Jordan,JOR,2017,0.01
Jordan,JOR,2018,0.01
Jordan,JOR,2019,0.01
Kazakhstan,KAZ,2000,0
Kazakhstan,KAZ,2001,0
Kazakhstan,KAZ,2002,0
Kazakhstan,KAZ,2003,0
Kazakhstan,KAZ,2004,0
Kazakhstan,KAZ,2005,0
Kazakhstan,KAZ,2006,0
Kazakhstan,KAZ,2007,0
Kazakhstan,KAZ,2008,0
Kazakhstan,KAZ,2009,0
Kazakhstan,KAZ,2010,0
Kazakhstan,KAZ,2011,0
Kazakhstan,KAZ,2012,0
Kazakhstan,KAZ,2013,0
Kazakhstan,KAZ,2014,0
Kazakhstan,KAZ,2015,0
Kazakhstan,KAZ,2016,0
Kazakhstan,KAZ,2017,0
Kazakhstan,KAZ,2018,0
Kazakhstan,KAZ,2019,0
Kenya,KEN,2000,0.07
Kenya,KEN,2001,0.06
Kenya,KEN,2002,0.06
Kenya,KEN,2003,0.06
Kenya,KEN,2004,0.06
Kenya,KEN,2005,0.06
Kenya,KEN,2006,0.06
Kenya,KEN,2007,0.07
Kenya,KEN,2008,0.07
Kenya,KEN,2009,0.07
Kenya,KEN,2010,0.08
Kenya,KEN,2011,0.08
Kenya,KEN,2012,0.08
Kenya,KEN,2013,0.08
Kenya,KEN,2014,0.08
Kenya,KEN,2015,0.08
Kenya,KEN,2016,0.09
Kenya,KEN,2017,0.09
Kenya,KEN,2018,0.1
Kenya,KEN,2019,0.1
Kiribati,KIR,2000,0.45
Kiribati,KIR,2001,0.47
Kiribati,KIR,2002,0.45
Kiribati,KIR,2003,0.47
Kiribati,KIR,2004,0.35
Kiribati,KIR,2005,0.32
Kiribati,KIR,2006,0.29
Kiribati,KIR,2007,0.28
Kiribati,KIR,2008,0.32
Kiribati,KIR,2009,0.26
Kiribati,KIR,2010,0.25
Kiribati,KIR,2011,0.25
Kiribati,KIR,2012,0.25
Kiribati,KIR,2013,0.25
Kiribati,KIR,2014,0.25
Kiribati,KIR,2015,0.25
Kiribati,KIR,2016,0.25
Kiribati,KIR,2017,0.26
Kiribati,KIR,2018,0.25
Kiribati,KIR,2019,0.27
Kuwait,KWT,2000,0.01
Kuwait,KWT,2001,0
Kuwait,KWT,2002,0.01
Kuwait,KWT,2003,0.01
Kuwait,KWT,2004,0.01
Kuwait,KWT,2005,0.01
Kuwait,KWT,2006,0.01
Kuwait,KWT,2007,0.01
Kuwait,KWT,2008,0.01
Kuwait,KWT,2009,0.01
Kuwait,KWT,2010,0.03
Kuwait,KWT,2011,0.01
Kuwait,KWT,2012,0.01
Kuwait,KWT,2013,0.01
Kuwait,KWT,2014,0.02
Kuwait,KWT,2015,0.02
Kuwait,KWT,2016,0.02
Kuwait,KWT,2017,0.02
Kuwait,KWT,2018,0.02
Kuwait,KWT,2019,0.02
Kyrgyzstan,KGZ,2000,0
Kyrgyzstan,KGZ,2001,0
Kyrgyzstan,KGZ,2002,0
Kyrgyzstan,KGZ,2003,0
Kyrgyzstan,KGZ,2004,0
Kyrgyzstan,KGZ,2005,0
Kyrgyzstan,KGZ,2006,0
Kyrgyzstan,KGZ,2007,0
Kyrgyzstan,KGZ,2008,0
Kyrgyzstan,KGZ,2009,0
Kyrgyzstan,KGZ,2010,0
Kyrgyzstan,KGZ,2011,0
Kyrgyzstan,KGZ,2012,0
Kyrgyzstan,KGZ,2013,0
Kyrgyzstan,KGZ,2014,0
Kyrgyzstan,KGZ,2015,0
Kyrgyzstan,KGZ,2016,0
Kyrgyzstan,KGZ,2017,0
Kyrgyzstan,KGZ,2018,0
Kyrgyzstan,KGZ,2019,0
Laos,LAO,2000,21.43
Laos,LAO,2001,22.19
Laos,LAO,2002,22.65
Laos,LAO,2003,21.15
Laos,LAO,2004,19.64
Laos,LAO,2005,19.35
Laos,LAO,2006,18.86
Laos,LAO,2007,17.29
Laos,LAO,2008,20.25
Laos,LAO,2009,19.73
Laos,LAO,2010,19.35
Laos,LAO,2011,18.98
Laos,LAO,2012,18.64
Laos,LAO,2013,102.54
Laos,LAO,2014,18.06
Laos,LAO,2015,17.83
Laos,LAO,2016,17.28
Laos,LAO,2017,17.24
Laos,LAO,2018,17.31
Laos,LAO,2019,17.3
Latvia,LVA,2000,0
Latvia,LVA,2001,0
Latvia,LVA,2002,0
Latvia,LVA,2003,0
Latvia,LVA,2004,0
Latvia,LVA,2005,0
Latvia,LVA,2006,0
Latvia,LVA,2007,0
Latvia,LVA,2008,0
Latvia,LVA,2009,0
Latvia,LVA,2010,0
Latvia,LVA,2011,0
Latvia,LVA,2012,0
Latvia,LVA,2013,0
Latvia,LVA,2014,0
Latvia,LVA,2015,0
Latvia,LVA,2016,0
Latvia,LVA,2017,0
Latvia,LVA,2018,0
Latvia,LVA,2019,0
Lebanon,LBN,2000,0.02
Lebanon,LBN,2001,0.02
Lebanon,LBN,2002,0.02
Lebanon,LBN,2003,0.02
Lebanon,LBN,2004,0.02
Lebanon,LBN,2005,0.02
Lebanon,LBN,2006,0.02
Lebanon,LBN,2007,0.02
Lebanon,LBN,2008,0.02
Lebanon,LBN,2009,0.02
Lebanon,LBN,2010,0.02
Lebanon,LBN,2011,0.02
Lebanon,LBN,2012,0.02
Lebanon,LBN,2013,0.02
Lebanon,LBN,2014,0.02
Lebanon,LBN,2015,0.02
Lebanon,LBN,2016,0.03
Lebanon,LBN,2017,0.03
Lebanon,LBN,2018,0.03
Lebanon,LBN,2019,0.03
Lesotho,LSO,2000,0.03
Lesotho,LSO,2001,0.03
Lesotho,LSO,2002,0.03
Lesotho,LSO,2003,0.03
Lesotho,LSO,2004,0.03
Lesotho,LSO,2005,0.03
Lesotho,LSO,2006,0.03
Lesotho,LSO,2007,0.04
Lesotho,LSO,2008,0.06
Lesotho,LSO,2009,0.06
Lesotho,LSO,2010,0.07
Lesotho,LSO,2011,0.07
Lesotho,LSO,2012,0.09
Lesotho,LSO,2013,0.1
Lesotho,LSO,2014,0.11
Lesotho,LSO,2015,0.11
Lesotho,LSO,2016,0.1
Lesotho,LSO,2017,0.1
Lesotho,LSO,2018,0.09
Lesotho,LSO,2019,0.09
Liberia,LBR,2000,0.02
Liberia,LBR,2001,0.02
Liberia,LBR,2002,0.02
Liberia,LBR,2003,0.02
Liberia,LBR,2004,0.02
Liberia,LBR,2005,0.02
Liberia,LBR,2006,0.02
Liberia,LBR,2007,0.02
Liberia,LBR,2008,0.02
Liberia,LBR,2009,0.02
Liberia,LBR,2010,0.02
Liberia,LBR,2011,0.02
Liberia,LBR,2012,0.03
Liberia,LBR,2013,0.03
Liberia,LBR,2014,0.02
Liberia,LBR,2015,0.02
Liberia,LBR,2016,0.02
Liberia,LBR,2017,0.02
Liberia,LBR,2018,0.02
Liberia,LBR,2019,0.02
Libya,LBY,2000,0
Libya,LBY,2001,0
Libya,LBY,2002,0
Libya,LBY,2003,0
Libya,LBY,2004,0
Libya,LBY,2005,0
Libya,LBY,2006,0
Libya,LBY,2007,0
Libya,LBY,2008,0
Libya,LBY,2009,0
Libya,LBY,2010,0
Libya,LBY,2011,0
Libya,LBY,2012,0
Libya,LBY,2013,0
Libya,LBY,2014,0
Libya,LBY,2015,0
Libya,LBY,2016,0
Libya,LBY,2017,0
Libya,LBY,2018,0
Libya,LBY,2019,0
Lithuania,LTU,2000,0
Lithuania,LTU,2001,0
Lithuania,LTU,2002,0
Lithuania,LTU,2003,0
Lithuania,LTU,2004,0
Lithuania,LTU,2005,0
Lithuania,LTU,2006,0
Lithuania,LTU,2007,0
Lithuania,LTU,2008,0
Lithuania,LTU,2009,0
Lithuania,LTU,2010,0
Lithuania,LTU,2011,0
Lithuania,LTU,2012,0
Lithuania,LTU,2013,0
Lithuania,LTU,2014,0
Lithuania,LTU,2015,0
Lithuania,LTU,2016,0
Lithuania,LTU,2017,0
Lithuania,LTU,2018,0
Lithuania,LTU,2019,0
Luxembourg,LUX,2000,0
Luxembourg,LUX,2001,0
Luxembourg,LUX,2002,0
Luxembourg,LUX,2003,0
Luxembourg,LUX,2004,0
Luxembourg,LUX,2005,0
Luxembourg,LUX,2006,0
Luxembourg,LUX,2007,0
Luxembourg,LUX,2008,0
Luxembourg,LUX,2009,0
Luxembourg,LUX,2010,0
Luxembourg,LUX,2011,0
Luxembourg,LUX,2012,0
Luxembourg,LUX,2013,0
Luxembourg,LUX,2014,0
Luxembourg,LUX,2015,0
Luxembourg,LUX,2016,0
Luxembourg,LUX,2017,0
Luxembourg,LUX,2018,0
Luxembourg,LUX,2019,0
Madagascar,MDG,2000,0.13
Madagascar,MDG,2001,0.15
Madagascar,MDG,2002,0.17
Madagascar,MDG,2003,0.19
Madagascar,MDG,2004,0.21
Madagascar,MDG,2005,0.24
Madagascar,MDG,2006,0.27
Madagascar,MDG,2007,0.29
Madagascar,MDG,2008,0.31
Madagascar,MDG,2009,0.32
Madagascar,MDG,2010,0.34
Madagascar,MDG,2011,0.36
Madagascar,MDG,2012,0.37
Madagascar,MDG,2013,0.39
Madagascar,MDG,2014,0.41
Madagascar,MDG,2015,0.41
Madagascar,MDG,2016,0.43
Madagascar,MDG,2017,0.44
Madagascar,MDG,2018,0.45
Madagascar,MDG,2019,0.38
Malawi,MWI,2000,10.25
Malawi,MWI,2001,9.38
Malawi,MWI,2002,8.27
Malawi,MWI,2003,8.11
Malawi,MWI,2004,7.98
Malawi,MWI,2005,7.68
Malawi,MWI,2006,8.57
Malawi,MWI,2007,9.22
Malawi,MWI,2008,9.71
Malawi,MWI,2009,10.49
Malawi,MWI,2010,10.62
Malawi,MWI,2011,10.27
Malawi,MWI,2012,10.48
Malawi,MWI,2013,10.46
Malawi,MWI,2014,10.72
Malawi,MWI,2015,10.56
Malawi,MWI,2016,10.15
Malawi,MWI,2017,9.75
Malawi,MWI,2018,9.31
Malawi,MWI,2019,9.17
Malaysia,MYS,2000,166.24
Malaysia,MYS,2001,175.6
Malaysia,MYS,2002,188.43
Malaysia,MYS,2003,198.6
Malaysia,MYS,2004,202
Malaysia,MYS,2005,198.92
Malaysia,MYS,2006,193.51
Malaysia,MYS,2007,228.97
Malaysia,MYS,2008,188.01
Malaysia,MYS,2009,187.25
Malaysia,MYS,2010,183.31
Malaysia,MYS,2011,178.5
Malaysia,MYS,2012,181.93
Malaysia,MYS,2013,189.47
Malaysia,MYS,2014,214.57
Malaysia,MYS,2015,227.17
Malaysia,MYS,2016,240.42
Malaysia,MYS,2017,393.36
Malaysia,MYS,2018,265.36
Malaysia,MYS,2019,280.01
Maldives,MDV,2000,11
Maldives,MDV,2001,9.92
Maldives,MDV,2002,7.23
Maldives,MDV,2003,7.95
Maldives,MDV,2004,6.68
Maldives,MDV,2005,6.55
Maldives,MDV,2006,6.45
Maldives,MDV,2007,6.14
Maldives,MDV,2008,6.48
Maldives,MDV,2009,6.24
Maldives,MDV,2010,6.01
Maldives,MDV,2011,8.29
Maldives,MDV,2012,5.92
Maldives,MDV,2013,6.11
Maldives,MDV,2014,6.45
Maldives,MDV,2015,6.85
Maldives,MDV,2016,7.49
Maldives,MDV,2017,7.66
Maldives,MDV,2018,7.62
Maldives,MDV,2019,7.54
Mali,MLI,2000,0.09
Mali,MLI,2001,0.08
Mali,MLI,2002,0.09
Mali,MLI,2003,0.09
Mali,MLI,2004,0.1
Mali,MLI,2005,0.1
Mali,MLI,2006,0.1
Mali,MLI,2007,0.11
Mali,MLI,2008,0.12
Mali,MLI,2009,0.12
Mali,MLI,2010,0.12
Mali,MLI,2011,0.12
Mali,MLI,2012,0.12
Mali,MLI,2013,0.12
Mali,MLI,2014,0.12
Mali,MLI,2015,0.12
Mali,MLI,2016,0.12
Mali,MLI,2017,0.12
Mali,MLI,2018,0.12
Mali,MLI,2019,0.13
Malta,MLT,2000,0
Malta,MLT,2001,0
Malta,MLT,2002,0
Malta,MLT,2003,0
Malta,MLT,2004,0
Malta,MLT,2005,0
Malta,MLT,2006,0
Malta,MLT,2007,0
Malta,MLT,2008,0
Malta,MLT,2009,0
Malta,MLT,2010,0
Malta,MLT,2011,0
Malta,MLT,2012,0
Malta,MLT,2013,0
Malta,MLT,2014,0
Malta,MLT,2015,0
Malta,MLT,2016,0
Malta,MLT,2017,0
Malta,MLT,2018,0
Malta,MLT,2019,0
Mauritania,MRT,2000,0.01
Mauritania,MRT,2001,0.01
Mauritania,MRT,2002,0.01
Mauritania,MRT,2003,0.01
Mauritania,MRT,2004,0.01
Mauritania,MRT,2005,0.01
Mauritania,MRT,2006,0.01
Mauritania,MRT,2007,0.01
Mauritania,MRT,2008,0.01
Mauritania,MRT,2009,0.01
Mauritania,MRT,2010,0.01
Mauritania,MRT,2011,0.01
Mauritania,MRT,2012,0.02
Mauritania,MRT,2013,0.02
Mauritania,MRT,2014,0.02
Mauritania,MRT,2015,0.02
Mauritania,MRT,2016,0.02
Mauritania,MRT,2017,0.02
Mauritania,MRT,2018,0.02
Mauritania,MRT,2019,0.02
Mauritius,MUS,2000,1.01
Mauritius,MUS,2001,0
Mauritius,MUS,2002,0
Mauritius,MUS,2003,0
Mauritius,MUS,2004,0
Mauritius,MUS,2005,0
Mauritius,MUS,2006,0
Mauritius,MUS,2007,0
Mauritius,MUS,2008,0
Mauritius,MUS,2009,0
Mauritius,MUS,2010,0
Mauritius,MUS,2011,0
Mauritius,MUS,2012,0
Mauritius,MUS,2013,0
Mauritius,MUS,2014,0
Mauritius,MUS,2015,0
Mauritius,MUS,2016,0
Mauritius,MUS,2017,0
Mauritius,MUS,2018,0
Mauritius,MUS,2019,0
Mexico,MEX,2000,0.55
Mexico,MEX,2001,0.66
Mexico,MEX,2002,7.9
Mexico,MEX,2003,11.15
Mexico,MEX,2004,12.37
Mexico,MEX,2005,42.81
Mexico,MEX,2006,21.56
Mexico,MEX,2007,30.51
Mexico,MEX,2008,38.77
Mexico,MEX,2009,92.42
Mexico,MEX,2010,84.34
Mexico,MEX,2011,45.45
Mexico,MEX,2012,152.07
Mexico,MEX,2013,182.7
Mexico,MEX,2014,95.06
Mexico,MEX,2015,95.61
Mexico,MEX,2016,4.15
Mexico,MEX,2017,3.56
Mexico,MEX,2018,31.57
Mexico,MEX,2019,30.16
Micronesia (country),FSM,2000,0.16
Micronesia (country),FSM,2001,0.15
Micronesia (country),FSM,2002,0.14
Micronesia (country),FSM,2003,0.14
Micronesia (country),FSM,2004,0.17
Micronesia (country),FSM,2005,0.14
Micronesia (country),FSM,2006,0.14
Micronesia (country),FSM,2007,0.13
Micronesia (country),FSM,2008,0.13
Micronesia (country),FSM,2009,0.13
Micronesia (country),FSM,2010,0.12
Micronesia (country),FSM,2011,0.12
Micronesia (country),FSM,2012,0.12
Micronesia (country),FSM,2013,0.12
Micronesia (country),FSM,2014,0.12
Micronesia (country),FSM,2015,0.13
Micronesia (country),FSM,2016,0.13
Micronesia (country),FSM,2017,0.13
Micronesia (country),FSM,2018,0.14
Micronesia (country),FSM,2019,0.14
Moldova,MDA,2000,0
Moldova,MDA,2001,0
Moldova,MDA,2002,0
Moldova,MDA,2003,0
Moldova,MDA,2004,0
Moldova,MDA,2005,0
Moldova,MDA,2006,0
Moldova,MDA,2007,0
Moldova,MDA,2008,0
Moldova,MDA,2009,0
Moldova,MDA,2010,0
Moldova,MDA,2011,0
Moldova,MDA,2012,0
Moldova,MDA,2013,0
Moldova,MDA,2014,0
Moldova,MDA,2015,0
Moldova,MDA,2016,0
Moldova,MDA,2017,0
Moldova,MDA,2018,0
Moldova,MDA,2019,0
Mongolia,MNG,2000,0
Mongolia,MNG,2001,0
Mongolia,MNG,2002,0
Mongolia,MNG,2003,0
Mongolia,MNG,2004,0
Mongolia,MNG,2005,0
Mongolia,MNG,2006,0
Mongolia,MNG,2007,0
Mongolia,MNG,2008,0
Mongolia,MNG,2009,0
Mongolia,MNG,2010,0
Mongolia,MNG,2011,0
Mongolia,MNG,2012,0
Mongolia,MNG,2013,0
Mongolia,MNG,2014,0
Mongolia,MNG,2015,0
Mongolia,MNG,2016,0
Mongolia,MNG,2017,0
Mongolia,MNG,2018,0
Mongolia,MNG,2019,0
Montenegro,MNE,2000,0
Montenegro,MNE,2001,0
Montenegro,MNE,2002,0
Montenegro,MNE,2003,0
Montenegro,MNE,2004,0
Montenegro,MNE,2005,0
Montenegro,MNE,2006,0
Montenegro,MNE,2007,0
Montenegro,MNE,2008,0
Montenegro,MNE,2009,0
Montenegro,MNE,2010,0
Montenegro,MNE,2011,0
Montenegro,MNE,2012,0
Montenegro,MNE,2013,0
Montenegro,MNE,2014,0
Montenegro,MNE,2015,0
Montenegro,MNE,2016,0
Montenegro,MNE,2017,0
Montenegro,MNE,2018,0
Montenegro,MNE,2019,0
Morocco,MAR,2000,0
Morocco,MAR,2001,0
Morocco,MAR,2002,0
Morocco,MAR,2003,0
Morocco,MAR,2004,0
Morocco,MAR,2005,0
Morocco,MAR,2006,0
Morocco,MAR,2007,0
Morocco,MAR,2008,0
Morocco,MAR,2009,0
Morocco,MAR,2010,0
Morocco,MAR,2011,0
Morocco,MAR,2012,0
Morocco,MAR,2013,0
Morocco,MAR,2014,0
Morocco,MAR,2015,0
Morocco,MAR,2016,0
Morocco,MAR,2017,0
Morocco,MAR,2018,0
Morocco,MAR,2019,0
Mozambique,MOZ,2000,0.2
Mozambique,MOZ,2001,0.22
Mozambique,MOZ,2002,0.24
Mozambique,MOZ,2003,0.27
Mozambique,MOZ,2004,0.3
Mozambique,MOZ,2005,0.32
Mozambique,MOZ,2006,0.38
Mozambique,MOZ,2007,0.38
Mozambique,MOZ,2008,0.44
Mozambique,MOZ,2009,0.51
Mozambique,MOZ,2010,0.52
Mozambique,MOZ,2011,0.57
Mozambique,MOZ,2012,0.6
Mozambique,MOZ,2013,0.62
Mozambique,MOZ,2014,0.63
Mozambique,MOZ,2015,0.64
Mozambique,MOZ,2016,0.69
Mozambique,MOZ,2017,0.77
Mozambique,MOZ,2018,0.82
Mozambique,MOZ,2019,0.88
Myanmar,MMR,2000,549.98
Myanmar,MMR,2001,491.98
Myanmar,MMR,2002,520.33
Myanmar,MMR,2003,534.25
Myanmar,MMR,2004,524.48
Myanmar,MMR,2005,532.14
Myanmar,MMR,2006,523.71
Myanmar,MMR,2007,515.02
Myanmar,MMR,2008,481.63
Myanmar,MMR,2009,437.01
Myanmar,MMR,2010,396.86
Myanmar,MMR,2011,359.74
Myanmar,MMR,2012,337.05
Myanmar,MMR,2013,331.09
Myanmar,MMR,2014,333.75
Myanmar,MMR,2015,313.3
Myanmar,MMR,2016,317.78
Myanmar,MMR,2017,297.14
Myanmar,MMR,2018,286.67
Myanmar,MMR,2019,271.71
Namibia,NAM,2000,0
Namibia,NAM,2001,0
Namibia,NAM,2002,0
Namibia,NAM,2003,0
Namibia,NAM,2004,0
Namibia,NAM,2005,0
Namibia,NAM,2006,0
Namibia,NAM,2007,0
Namibia,NAM,2008,0
Namibia,NAM,2009,0
Namibia,NAM,2010,0
Namibia,NAM,2011,0
Namibia,NAM,2012,0
Namibia,NAM,2013,0
Namibia,NAM,2014,0
Namibia,NAM,2015,0
Namibia,NAM,2016,0
Namibia,NAM,2017,0
Namibia,NAM,2018,0
Namibia,NAM,2019,0
Nepal,NPL,2000,45.45
Nepal,NPL,2001,46.63
Nepal,NPL,2002,52.84
Nepal,NPL,2003,50.59
Nepal,NPL,2004,51.27
Nepal,NPL,2005,63.89
Nepal,NPL,2006,69.24
Nepal,NPL,2007,71.97
Nepal,NPL,2008,75.38
Nepal,NPL,2009,81.11
Nepal,NPL,2010,98.8
Nepal,NPL,2011,87.99
Nepal,NPL,2012,90.54
Nepal,NPL,2013,96.01
Nepal,NPL,2014,99.49
Nepal,NPL,2015,102.72
Nepal,NPL,2016,104.67
Nepal,NPL,2017,109.03
Nepal,NPL,2018,114.76
Nepal,NPL,2019,119.73
Netherlands,NLD,2000,1.09
Netherlands,NLD,2001,0
Netherlands,NLD,2002,0
Netherlands,NLD,2003,0
Netherlands,NLD,2004,0
Netherlands,NLD,2005,1.08
Netherlands,NLD,2006,0
Netherlands,NLD,2007,0
Netherlands,NLD,2008,0
Netherlands,NLD,2009,0
Netherlands,NLD,2010,0
Netherlands,NLD,2011,0
Netherlands,NLD,2012,0
Netherlands,NLD,2013,0
Netherlands,NLD,2014,0
Netherlands,NLD,2015,0
Netherlands,NLD,2016,0
Netherlands,NLD,2017,0
Netherlands,NLD,2018,0
Netherlands,NLD,2019,0
New Zealand,NZL,2000,0
New Zealand,NZL,2001,0
New Zealand,NZL,2002,0
New Zealand,NZL,2003,0
New Zealand,NZL,2004,0
New Zealand,NZL,2005,0
New Zealand,NZL,2006,0
New Zealand,NZL,2007,0
New Zealand,NZL,2008,1.07
New Zealand,NZL,2009,0
New Zealand,NZL,2010,0
New Zealand,NZL,2011,0
New Zealand,NZL,2012,0
New Zealand,NZL,2013,0
New Zealand,NZL,2014,0
New Zealand,NZL,2015,0
New Zealand,NZL,2016,0
New Zealand,NZL,2017,0
New Zealand,NZL,2018,0
New Zealand,NZL,2019,0
Nicaragua,NIC,2000,21.53
Nicaragua,NIC,2001,25.94
Nicaragua,NIC,2002,17.76
Nicaragua,NIC,2003,13.44
Nicaragua,NIC,2004,6.91
Nicaragua,NIC,2005,11.5
Nicaragua,NIC,2006,2.28
Nicaragua,NIC,2007,13.59
Nicaragua,NIC,2008,6.64
Nicaragua,NIC,2009,14.66
Nicaragua,NIC,2010,7.16
Nicaragua,NIC,2011,4.1
Nicaragua,NIC,2012,5.33
Nicaragua,NIC,2013,12.1
Nicaragua,NIC,2014,0.33
Nicaragua,NIC,2015,10.49
Nicaragua,NIC,2016,0.18
Nicaragua,NIC,2017,0.17
Nicaragua,NIC,2018,0.19
Nicaragua,NIC,2019,4.4
Niger,NER,2000,0.15
Niger,NER,2001,0.14
Niger,NER,2002,0.15
Niger,NER,2003,0.15
Niger,NER,2004,0.14
Niger,NER,2005,0.16
Niger,NER,2006,0.16
Niger,NER,2007,0.16
Niger,NER,2008,0.16
Niger,NER,2009,0.16
Niger,NER,2010,0.16
Niger,NER,2011,0.17
Niger,NER,2012,0.18
Niger,NER,2013,0.18
Niger,NER,2014,0.19
Niger,NER,2015,0.19
Niger,NER,2016,0.2
Niger,NER,2017,0.21
Niger,NER,2018,0.21
Niger,NER,2019,0.21
Nigeria,NGA,2000,0.96
Nigeria,NGA,2001,1.01
Nigeria,NGA,2002,1.1
Nigeria,NGA,2003,0.98
Nigeria,NGA,2004,1.12
Nigeria,NGA,2005,1.04
Nigeria,NGA,2006,1.23
Nigeria,NGA,2007,1.28
Nigeria,NGA,2008,1.31
Nigeria,NGA,2009,1.35
Nigeria,NGA,2010,1.41
Nigeria,NGA,2011,1.5
Nigeria,NGA,2012,1.56
Nigeria,NGA,2013,1.57
Nigeria,NGA,2014,1.66
Nigeria,NGA,2015,1.7
Nigeria,NGA,2016,1.72
Nigeria,NGA,2017,1.72
Nigeria,NGA,2018,1.73
Nigeria,NGA,2019,1.7
North America,,2000,120.72
North America,,2001,119.66
North America,,2002,151.17
North America,,2003,135.67
North America,,2004,129.81999
North America,,2005,181.84
North America,,2006,179.2
North America,,2007,205.76
North America,,2008,194.17
North America,,2009,348.66
North America,,2010,480.25
North America,,2011,228.01
North America,,2012,332.43
North America,,2013,406.69998
North America,,2014,277.23
North America,,2015,358.3
North America,,2016,125.16
North America,,2017,171.89
North America,,2018,156.1
North America,,2019,229.17
North Korea,PRK,2000,0
North Korea,PRK,2001,0
North Korea,PRK,2002,0
North Korea,PRK,2003,0
North Korea,PRK,2004,0
North Korea,PRK,2005,0
North Korea,PRK,2006,0
North Korea,PRK,2007,0
North Korea,PRK,2008,0
North Korea,PRK,2009,0
North Korea,PRK,2010,0
North Korea,PRK,2011,0
North Korea,PRK,2012,0
North Korea,PRK,2013,0
North Korea,PRK,2014,0
North Korea,PRK,2015,0
North Korea,PRK,2016,0
North Korea,PRK,2017,0
North Korea,PRK,2018,0
North Korea,PRK,2019,0
North Macedonia,MKD,2000,0
North Macedonia,MKD,2001,0
North Macedonia,MKD,2002,0
North Macedonia,MKD,2003,0
North Macedonia,MKD,2004,0
North Macedonia,MKD,2005,0
North Macedonia,MKD,2006,0
North Macedonia,MKD,2007,0
North Macedonia,MKD,2008,0
North Macedonia,MKD,2009,0
North Macedonia,MKD,2010,0
North Macedonia,MKD,2011,0
North Macedonia,MKD,2012,0
North Macedonia,MKD,2013,0
North Macedonia,MKD,2014,0
North Macedonia,MKD,2015,0
North Macedonia,MKD,2016,0
North Macedonia,MKD,2017,0
North Macedonia,MKD,2018,0
North Macedonia,MKD,2019,0
Norway,NOR,2000,0
Norway,NOR,2001,0
Norway,NOR,2002,0
Norway,NOR,2003,0
Norway,NOR,2004,0
Norway,NOR,2005,1.01
Norway,NOR,2006,1.04
Norway,NOR,2007,0
Norway,NOR,2008,1.02
Norway,NOR,2009,0
Norway,NOR,2010,0
Norway,NOR,2011,0
Norway,NOR,2012,1.13
Norway,NOR,2013,0
Norway,NOR,2014,0
Norway,NOR,2015,0
Norway,NOR,2016,0
Norway,NOR,2017,0
Norway,NOR,2018,0
Norway,NOR,2019,0
Oceania,,2000,42.460003
Oceania,,2001,40.379997
Oceania,,2002,41.11
Oceania,,2003,42.760002
Oceania,,2004,41.76
Oceania,,2005,42.47
Oceania,,2006,43.67
Oceania,,2007,46.620003
Oceania,,2008,51.890003
Oceania,,2009,50.100002
Oceania,,2010,49.739998
Oceania,,2011,47.82
Oceania,,2012,51.309998
Oceania,,2013,54.31
Oceania,,2014,50.34
Oceania,,2015,51.179996
Oceania,,2016,50.789997
Oceania,,2017,50.679996
Oceania,,2018,52.59
Oceania,,2019,53.700005
Oman,OMN,2000,7.53
Oman,OMN,2001,7.69
Oman,OMN,2002,7.88
Oman,OMN,2003,8.17
Oman,OMN,2004,8.36
Oman,OMN,2005,8.67
Oman,OMN,2006,8.99
Oman,OMN,2007,8.82
Oman,OMN,2008,9.32
Oman,OMN,2009,9.76
Oman,OMN,2010,10.26
Oman,OMN,2011,10.22
Oman,OMN,2012,10.48
Oman,OMN,2013,11.22
Oman,OMN,2014,11.75
Oman,OMN,2015,13.39
Oman,OMN,2016,14.73
Oman,OMN,2017,15.56
Oman,OMN,2018,15.25
Oman,OMN,2019,15.69
Pakistan,PAK,2000,591.3
Pakistan,PAK,2001,654.64
Pakistan,PAK,2002,709.47
Pakistan,PAK,2003,758.53
Pakistan,PAK,2004,800.71
Pakistan,PAK,2005,792.42
Pakistan,PAK,2006,898.31
Pakistan,PAK,2007,944.12
Pakistan,PAK,2008,991.99
Pakistan,PAK,2009,1021.11
Pakistan,PAK,2010,1048.02
Pakistan,PAK,2011,1097.47
Pakistan,PAK,2012,1138.3
Pakistan,PAK,2013,1185.58
Pakistan,PAK,2014,1253.5
Pakistan,PAK,2015,1297.08
Pakistan,PAK,2016,1341.92
Pakistan,PAK,2017,1445.82
Pakistan,PAK,2018,1346.62
Pakistan,PAK,2019,1429.29
Panama,PAN,2000,0.01
Panama,PAN,2001,0.01
Panama,PAN,2002,0.01
Panama,PAN,2003,0.01
Panama,PAN,2004,1.95
Panama,PAN,2005,0.03
Panama,PAN,2006,1.36
Panama,PAN,2007,4.11
Panama,PAN,2008,3.22
Panama,PAN,2009,5.27
Panama,PAN,2010,4.09
Panama,PAN,2011,7.71
Panama,PAN,2012,0.87
Panama,PAN,2013,7.65
Panama,PAN,2014,12.19
Panama,PAN,2015,5.44
Panama,PAN,2016,0.1
Panama,PAN,2017,0.11
Panama,PAN,2018,1.94
Panama,PAN,2019,1.93
Papua New Guinea,PNG,2000,4.64
Papua New Guinea,PNG,2001,5
Papua New Guinea,PNG,2002,4.65
Papua New Guinea,PNG,2003,5.16
Papua New Guinea,PNG,2004,5.08
Papua New Guinea,PNG,2005,5.14
Papua New Guinea,PNG,2006,5.31
Papua New Guinea,PNG,2007,5.59
Papua New Guinea,PNG,2008,5.51
Papua New Guinea,PNG,2009,5.31
Papua New Guinea,PNG,2010,5.67
Papua New Guinea,PNG,2011,5.75
Papua New Guinea,PNG,2012,5.97
Papua New Guinea,PNG,2013,6.05
Papua New Guinea,PNG,2014,6.42
Papua New Guinea,PNG,2015,6.34
Papua New Guinea,PNG,2016,6.08
Papua New Guinea,PNG,2017,6.28
Papua New Guinea,PNG,2018,6.36
Papua New Guinea,PNG,2019,6.4
Paraguay,PRY,2000,0.02
Paraguay,PRY,2001,0.02
Paraguay,PRY,2002,0.02
Paraguay,PRY,2003,0.03
Paraguay,PRY,2004,0.03
Paraguay,PRY,2005,0.04
Paraguay,PRY,2006,5.53
Paraguay,PRY,2007,37.83
Paraguay,PRY,2008,0.1
Paraguay,PRY,2009,4.14
Paraguay,PRY,2010,30.45
Paraguay,PRY,2011,158.26
Paraguay,PRY,2012,115.49
Paraguay,PRY,2013,456.68
Paraguay,PRY,2014,14.01
Paraguay,PRY,2015,42.41
Paraguay,PRY,2016,0.25
Paraguay,PRY,2017,0.21
Paraguay,PRY,2018,15.9
Paraguay,PRY,2019,16.32
Peru,PER,2000,1.81
Peru,PER,2001,1.57
Peru,PER,2002,1.42
Peru,PER,2003,1.37
Peru,PER,2004,1.19
Peru,PER,2005,1.39
Peru,PER,2006,1.65
Peru,PER,2007,2.04
Peru,PER,2008,2.36
Peru,PER,2009,2.93
Peru,PER,2010,5.62
Peru,PER,2011,14.38
Peru,PER,2012,14.94
Peru,PER,2013,4.39
Peru,PER,2014,4.42
Peru,PER,2015,4.27
Peru,PER,2016,4.07
Peru,PER,2017,4.03
Peru,PER,2018,3.84
Peru,PER,2019,3.64
Philippines,PHL,2000,427.35
Philippines,PHL,2001,576.48
Philippines,PHL,2002,568.42
Philippines,PHL,2003,710.49
Philippines,PHL,2004,805.49
Philippines,PHL,2005,933.11
Philippines,PHL,2006,937.69
Philippines,PHL,2007,1120.84
Philippines,PHL,2008,994.99
Philippines,PHL,2009,1047.03
Philippines,PHL,2010,1464.62
Philippines,PHL,2011,1029.86
Philippines,PHL,2012,1049.55
Philippines,PHL,2013,1095.05
Philippines,PHL,2014,977.4
Philippines,PHL,2015,958.38
Philippines,PHL,2016,956.28
Philippines,PHL,2017,1111.17
Philippines,PHL,2018,944.88
Philippines,PHL,2019,1059.99
Poland,POL,2000,0
Poland,POL,2001,0
Poland,POL,2002,0
Poland,POL,2003,0
Poland,POL,2004,0
Poland,POL,2005,0
Poland,POL,2006,0
Poland,POL,2007,0
Poland,POL,2008,0
Poland,POL,2009,0
Poland,POL,2010,0
Poland,POL,2011,0
Poland,POL,2012,0
Poland,POL,2013,0
Poland,POL,2014,0
Poland,POL,2015,0
Poland,POL,2016,0
Poland,POL,2017,0
Poland,POL,2018,0
Poland,POL,2019,0
Portugal,PRT,2000,0
Portugal,PRT,2001,0
Portugal,PRT,2002,0
Portugal,PRT,2003,0
Portugal,PRT,2004,0
Portugal,PRT,2005,0
Portugal,PRT,2006,0
Portugal,PRT,2007,0
Portugal,PRT,2008,0
Portugal,PRT,2009,0
Portugal,PRT,2010,0
Portugal,PRT,2011,0
Portugal,PRT,2012,0
Portugal,PRT,2013,0
Portugal,PRT,2014,0
Portugal,PRT,2015,0
Portugal,PRT,2016,0
Portugal,PRT,2017,0
Portugal,PRT,2018,0
Portugal,PRT,2019,0
Qatar,QAT,2000,0.02
Qatar,QAT,2001,0.02
Qatar,QAT,2002,0.03
Qatar,QAT,2003,0.03
Qatar,QAT,2004,0.03
Qatar,QAT,2005,0.03
Qatar,QAT,2006,0.04
Qatar,QAT,2007,0.04
Qatar,QAT,2008,0.05
Qatar,QAT,2009,0.05
Qatar,QAT,2010,0.06
Qatar,QAT,2011,0.06
Qatar,QAT,2012,0.06
Qatar,QAT,2013,0.06
Qatar,QAT,2014,0.07
Qatar,QAT,2015,0.07
Qatar,QAT,2016,0.07
Qatar,QAT,2017,0.07
Qatar,QAT,2018,0.08
Qatar,QAT,2019,0.09
Romania,ROU,2000,0
Romania,ROU,2001,0
Romania,ROU,2002,0
Romania,ROU,2003,0
Romania,ROU,2004,0
Romania,ROU,2005,0
Romania,ROU,2006,0
Romania,ROU,2007,0
Romania,ROU,2008,0
Romania,ROU,2009,0
Romania,ROU,2010,0
Romania,ROU,2011,0
Romania,ROU,2012,0
Romania,ROU,2013,0
Romania,ROU,2014,0
Romania,ROU,2015,0
Romania,ROU,2016,0
Romania,ROU,2017,0
Romania,ROU,2018,0
Romania,ROU,2019,0
Russia,RUS,2000,0
Russia,RUS,2001,0
Russia,RUS,2002,0
Russia,RUS,2003,0
Russia,RUS,2004,0
Russia,RUS,2005,0
Russia,RUS,2006,0
Russia,RUS,2007,0
Russia,RUS,2008,0
Russia,RUS,2009,0
Russia,RUS,2010,0
Russia,RUS,2011,0
Russia,RUS,2012,0
Russia,RUS,2013,0
Russia,RUS,2014,0
Russia,RUS,2015,0
Russia,RUS,2016,0
Russia,RUS,2017,0
Russia,RUS,2018,0
Russia,RUS,2019,0
Rwanda,RWA,2000,0.19
Rwanda,RWA,2001,0.21
Rwanda,RWA,2002,0.23
Rwanda,RWA,2003,0.25
Rwanda,RWA,2004,0.26
Rwanda,RWA,2005,0.27
Rwanda,RWA,2006,0.28
Rwanda,RWA,2007,0.28
Rwanda,RWA,2008,0.29
Rwanda,RWA,2009,0.29
Rwanda,RWA,2010,0.29
Rwanda,RWA,2011,0.29
Rwanda,RWA,2012,0.3
Rwanda,RWA,2013,0.3
Rwanda,RWA,2014,0.3
Rwanda,RWA,2015,0.3
Rwanda,RWA,2016,0.31
Rwanda,RWA,2017,0.31
Rwanda,RWA,2018,0.32
Rwanda,RWA,2019,0.32
Saint Lucia,LCA,2000,0.3
Saint Lucia,LCA,2001,0.32
Saint Lucia,LCA,2002,0.36
Saint Lucia,LCA,2003,0.45
Saint Lucia,LCA,2004,0.41
Saint Lucia,LCA,2005,0.41
Saint Lucia,LCA,2006,0.41
Saint Lucia,LCA,2007,0.41
Saint Lucia,LCA,2008,0.47
Saint Lucia,LCA,2009,0.44
Saint Lucia,LCA,2010,0.48
Saint Lucia,LCA,2011,0.48
Saint Lucia,LCA,2012,0.63
Saint Lucia,LCA,2013,0.59
Saint Lucia,LCA,2014,0.58
Saint Lucia,LCA,2015,0.55
Saint Lucia,LCA,2016,0.54
Saint Lucia,LCA,2017,0.56
Saint Lucia,LCA,2018,0.58
Saint Lucia,LCA,2019,0.59
Saint Vincent and the Grenadines,VCT,2000,0.01
Saint Vincent and the Grenadines,VCT,2001,0.01
Saint Vincent and the Grenadines,VCT,2002,0.02
Saint Vincent and the Grenadines,VCT,2003,0.02
Saint Vincent and the Grenadines,VCT,2004,0.03
Saint Vincent and the Grenadines,VCT,2005,0.03
Saint Vincent and the Grenadines,VCT,2006,0.02
Saint Vincent and the Grenadines,VCT,2007,0.01
Saint Vincent and the Grenadines,VCT,2008,0.02
Saint Vincent and the Grenadines,VCT,2009,0.02
Saint Vincent and the Grenadines,VCT,2010,0.01
Saint Vincent and the Grenadines,VCT,2011,0.26
Saint Vincent and the Grenadines,VCT,2012,0.31
Saint Vincent and the Grenadines,VCT,2013,0.27
Saint Vincent and the Grenadines,VCT,2014,0
Saint Vincent and the Grenadines,VCT,2015,0
Saint Vincent and the Grenadines,VCT,2016,0
Saint Vincent and the Grenadines,VCT,2017,0
Saint Vincent and the Grenadines,VCT,2018,0
Saint Vincent and the Grenadines,VCT,2019,0
Samoa,WSM,2000,0.15
Samoa,WSM,2001,0.14
Samoa,WSM,2002,0.14
Samoa,WSM,2003,0.14
Samoa,WSM,2004,0.14
Samoa,WSM,2005,0.13
Samoa,WSM,2006,0.14
Samoa,WSM,2007,0.14
Samoa,WSM,2008,0.17
Samoa,WSM,2009,0.13
Samoa,WSM,2010,0.14
Samoa,WSM,2011,0.14
Samoa,WSM,2012,0.14
Samoa,WSM,2013,0.14
Samoa,WSM,2014,0.14
Samoa,WSM,2015,0.14
Samoa,WSM,2016,0.14
Samoa,WSM,2017,0.13
Samoa,WSM,2018,0.13
Samoa,WSM,2019,0.13
Sao Tome and Principe,STP,2000,0
Sao Tome and Principe,STP,2001,0
Sao Tome and Principe,STP,2002,0
Sao Tome and Principe,STP,2003,0
Sao Tome and Principe,STP,2004,0
Sao Tome and Principe,STP,2005,0.01
Sao Tome and Principe,STP,2006,0.01
Sao Tome and Principe,STP,2007,0.01
Sao Tome and Principe,STP,2008,0.01
Sao Tome and Principe,STP,2009,0.01
Sao Tome and Principe,STP,2010,0.01
Sao Tome and Principe,STP,2011,0.01
Sao Tome and Principe,STP,2012,0.01
Sao Tome and Principe,STP,2013,0.01
Sao Tome and Principe,STP,2014,0.01
Sao Tome and Principe,STP,2015,0.01
Sao Tome and Principe,STP,2016,0.01
Sao Tome and Principe,STP,2017,0.01
Sao Tome and Principe,STP,2018,0.01
Sao Tome and Principe,STP,2019,0.01
Saudi Arabia,SAU,2000,0.82
Saudi Arabia,SAU,2001,0.89
Saudi Arabia,SAU,2002,0.96
Saudi Arabia,SAU,2003,1.07
Saudi Arabia,SAU,2004,1.62
Saudi Arabia,SAU,2005,2.41
Saudi Arabia,SAU,2006,3.18
Saudi Arabia,SAU,2007,4.46
Saudi Arabia,SAU,2008,6.68
Saudi Arabia,SAU,2009,8.54
Saudi Arabia,SAU,2010,9.97
Saudi Arabia,SAU,2011,10.68
Saudi Arabia,SAU,2012,11.49
Saudi Arabia,SAU,2013,11.18
Saudi Arabia,SAU,2014,10.98
Saudi Arabia,SAU,2015,10.34
Saudi Arabia,SAU,2016,9.95
Saudi Arabia,SAU,2017,9.51
Saudi Arabia,SAU,2018,9.1
Saudi Arabia,SAU,2019,8.85
Senegal,SEN,2000,0.09
Senegal,SEN,2001,0.08
Senegal,SEN,2002,0.07
Senegal,SEN,2003,0.09
Senegal,SEN,2004,0.09
Senegal,SEN,2005,0.09
Senegal,SEN,2006,0.09
Senegal,SEN,2007,0.09
Senegal,SEN,2008,0.09
Senegal,SEN,2009,0.09
Senegal,SEN,2010,0.08
Senegal,SEN,2011,0.08
Senegal,SEN,2012,0.08
Senegal,SEN,2013,0.08
Senegal,SEN,2014,0.08
Senegal,SEN,2015,0.08
Senegal,SEN,2016,0.08
Senegal,SEN,2017,0.08
Senegal,SEN,2018,0.08
Senegal,SEN,2019,0.08
Serbia,SRB,2000,0
Serbia,SRB,2001,0
Serbia,SRB,2002,0
Serbia,SRB,2003,0
Serbia,SRB,2004,0
Serbia,SRB,2005,0
Serbia,SRB,2006,0
Serbia,SRB,2007,0
Serbia,SRB,2008,0
Serbia,SRB,2009,0
Serbia,SRB,2010,0
Serbia,SRB,2011,0
Serbia,SRB,2012,0
Serbia,SRB,2013,0
Serbia,SRB,2014,0
Serbia,SRB,2015,0
Serbia,SRB,2016,0
Serbia,SRB,2017,0
Serbia,SRB,2018,0
Serbia,SRB,2019,0
Seychelles,SYC,2000,0.12
Seychelles,SYC,2001,0.13
Seychelles,SYC,2002,0.12
Seychelles,SYC,2003,0.13
Seychelles,SYC,2004,0.14
Seychelles,SYC,2005,0.14
Seychelles,SYC,2006,0.14
Seychelles,SYC,2007,0.13
Seychelles,SYC,2008,0.14
Seychelles,SYC,2009,0.13
Seychelles,SYC,2010,0.14
Seychelles,SYC,2011,0.14
Seychelles,SYC,2012,0.14
Seychelles,SYC,2013,0.14
Seychelles,SYC,2014,0.14
Seychelles,SYC,2015,0.14
Seychelles,SYC,2016,0.14
Seychelles,SYC,2017,0.15
Seychelles,SYC,2018,0.15
Seychelles,SYC,2019,0.15
Sierra Leone,SLE,2000,0.05
Sierra Leone,SLE,2001,0.05
Sierra Leone,SLE,2002,0.05
Sierra Leone,SLE,2003,0.05
Sierra Leone,SLE,2004,0.06
Sierra Leone,SLE,2005,0.06
Sierra Leone,SLE,2006,0.06
Sierra Leone,SLE,2007,0.06
Sierra Leone,SLE,2008,0.06
Sierra Leone,SLE,2009,0.06
Sierra Leone,SLE,2010,0.06
Sierra Leone,SLE,2011,0.06
Sierra Leone,SLE,2012,0.06
Sierra Leone,SLE,2013,0.07
Sierra Leone,SLE,2014,0.07
Sierra Leone,SLE,2015,0.07
Sierra Leone,SLE,2016,0.07
Sierra Leone,SLE,2017,0.07
Sierra Leone,SLE,2018,0.07
Sierra Leone,SLE,2019,0.07
Singapore,SGP,2000,0
Singapore,SGP,2001,0
Singapore,SGP,2002,0
Singapore,SGP,2003,0
Singapore,SGP,2004,1.17
Singapore,SGP,2005,3.59
Singapore,SGP,2006,2.05
Singapore,SGP,2007,4.17
Singapore,SGP,2008,1.33
Singapore,SGP,2009,0
Singapore,SGP,2010,2.21
Singapore,SGP,2011,0
Singapore,SGP,2012,3.28
Singapore,SGP,2013,10.2
Singapore,SGP,2014,6.02
Singapore,SGP,2015,2.5
Singapore,SGP,2016,0
Singapore,SGP,2017,0
Singapore,SGP,2018,0.54
Singapore,SGP,2019,0
Slovakia,SVK,2000,0
Slovakia,SVK,2001,0
Slovakia,SVK,2002,0
Slovakia,SVK,2003,0
Slovakia,SVK,2004,0
Slovakia,SVK,2005,0
Slovakia,SVK,2006,0
Slovakia,SVK,2007,0
Slovakia,SVK,2008,0
Slovakia,SVK,2009,0
Slovakia,SVK,2010,0
Slovakia,SVK,2011,0
Slovakia,SVK,2012,0
Slovakia,SVK,2013,0
Slovakia,SVK,2014,0
Slovakia,SVK,2015,0
Slovakia,SVK,2016,0
Slovakia,SVK,2017,0
Slovakia,SVK,2018,0
Slovakia,SVK,2019,0
Slovenia,SVN,2000,0
Slovenia,SVN,2001,0
Slovenia,SVN,2002,0
Slovenia,SVN,2003,0
Slovenia,SVN,2004,0
Slovenia,SVN,2005,0
Slovenia,SVN,2006,0
Slovenia,SVN,2007,0
Slovenia,SVN,2008,0
Slovenia,SVN,2009,0
Slovenia,SVN,2010,0
Slovenia,SVN,2011,0
Slovenia,SVN,2012,0
Slovenia,SVN,2013,0
Slovenia,SVN,2014,0
Slovenia,SVN,2015,0
Slovenia,SVN,2016,0
Slovenia,SVN,2017,0
Slovenia,SVN,2018,0
Slovenia,SVN,2019,0
Solomon Islands,SLB,2000,27.45
Solomon Islands,SLB,2001,27.8
Solomon Islands,SLB,2002,29.01
Solomon Islands,SLB,2003,30.09
Solomon Islands,SLB,2004,28.72
Solomon Islands,SLB,2005,30.28
Solomon Islands,SLB,2006,31.41
Solomon Islands,SLB,2007,33.95
Solomon Islands,SLB,2008,37.11
Solomon Islands,SLB,2009,36.61
Solomon Islands,SLB,2010,36.73
Solomon Islands,SLB,2011,36.15
Solomon Islands,SLB,2012,37.2
Solomon Islands,SLB,2013,41.12
Solomon Islands,SLB,2014,37.78
Solomon Islands,SLB,2015,38.75
Solomon Islands,SLB,2016,38.8
Solomon Islands,SLB,2017,38.44
Solomon Islands,SLB,2018,40.32
Solomon Islands,SLB,2019,41.45
Somalia,SOM,2000,0.14
Somalia,SOM,2001,0.16
Somalia,SOM,2002,0.17
Somalia,SOM,2003,0.21
Somalia,SOM,2004,0.22
Somalia,SOM,2005,0.29
Somalia,SOM,2006,0.35
Somalia,SOM,2007,0.39
Somalia,SOM,2008,0.43
Somalia,SOM,2009,0.48
Somalia,SOM,2010,0.44
Somalia,SOM,2011,0.39
Somalia,SOM,2012,0.51
Somalia,SOM,2013,0.58
Somalia,SOM,2014,0.5
Somalia,SOM,2015,0.55
Somalia,SOM,2016,0.59
Somalia,SOM,2017,0.51
Somalia,SOM,2018,0.55
Somalia,SOM,2019,0.65
South Africa,ZAF,2000,0
South Africa,ZAF,2001,0
South Africa,ZAF,2002,0
South Africa,ZAF,2003,0
South Africa,ZAF,2004,0
South Africa,ZAF,2005,0
South Africa,ZAF,2006,0
South Africa,ZAF,2007,0
South Africa,ZAF,2008,0
South Africa,ZAF,2009,0
South Africa,ZAF,2010,0
South Africa,ZAF,2011,0
South Africa,ZAF,2012,0
South Africa,ZAF,2013,0
South Africa,ZAF,2014,0
South Africa,ZAF,2015,0
South Africa,ZAF,2016,0
South Africa,ZAF,2017,0
South Africa,ZAF,2018,0
South Africa,ZAF,2019,0
South America,,2000,208.36
South America,,2001,336.03
South America,,2002,448.27002
South America,,2003,304.72
South America,,2004,192.85
South America,,2005,264.34
South America,,2006,342.46
South America,,2007,606.2
South America,,2008,766.76
South America,,2009,635.84
South America,,2010,1237.29
South America,,2011,1008.75
South America,,2012,766.8
South America,,2013,1457.2001
South America,,2014,823.14996
South America,,2015,1354.54
South America,,2016,158.54999
South America,,2017,147.44
South America,,2018,214.37999
South America,,2019,254.48999
South Korea,KOR,2000,1.08
South Korea,KOR,2001,0
South Korea,KOR,2002,0
South Korea,KOR,2003,0
South Korea,KOR,2004,0
South Korea,KOR,2005,0
South Korea,KOR,2006,0
South Korea,KOR,2007,0
South Korea,KOR,2008,0
South Korea,KOR,2009,0
South Korea,KOR,2010,1.08
South Korea,KOR,2011,0
South Korea,KOR,2012,0
South Korea,KOR,2013,0
South Korea,KOR,2014,0
South Korea,KOR,2015,0
South Korea,KOR,2016,0
South Korea,KOR,2017,0
South Korea,KOR,2018,0
South Korea,KOR,2019,0
South Sudan,SSD,2000,0.06
South Sudan,SSD,2001,0.07
South Sudan,SSD,2002,0.07
South Sudan,SSD,2003,0.08
South Sudan,SSD,2004,0.09
South Sudan,SSD,2005,0.11
South Sudan,SSD,2006,0.12
South Sudan,SSD,2007,0.14
South Sudan,SSD,2008,0.14
South Sudan,SSD,2009,0.15
South Sudan,SSD,2010,0.15
South Sudan,SSD,2011,0.15
South Sudan,SSD,2012,0.16
South Sudan,SSD,2013,0.17
South Sudan,SSD,2014,0.18
South Sudan,SSD,2015,0.2
South Sudan,SSD,2016,0.22
South Sudan,SSD,2017,0.23
South Sudan,SSD,2018,0.26
South Sudan,SSD,2019,0.28
Spain,ESP,2000,0
Spain,ESP,2001,0
Spain,ESP,2002,0
Spain,ESP,2003,0
Spain,ESP,2004,0
Spain,ESP,2005,0
Spain,ESP,2006,0
Spain,ESP,2007,0
Spain,ESP,2008,0
Spain,ESP,2009,0
Spain,ESP,2010,0
Spain,ESP,2011,0
Spain,ESP,2012,0
Spain,ESP,2013,0
Spain,ESP,2014,0
Spain,ESP,2015,0
Spain,ESP,2016,0
Spain,ESP,2017,0
Spain,ESP,2018,0
Spain,ESP,2019,0
Sri Lanka,LKA,2000,159.5
Sri Lanka,LKA,2001,135.27
Sri Lanka,LKA,2002,136.28
Sri Lanka,LKA,2003,130.97
Sri Lanka,LKA,2004,220.73
Sri Lanka,LKA,2005,81.55
Sri Lanka,LKA,2006,96.29
Sri Lanka,LKA,2007,63.69
Sri Lanka,LKA,2008,203.95
Sri Lanka,LKA,2009,417.27
Sri Lanka,LKA,2010,323.79
Sri Lanka,LKA,2011,233.99
Sri Lanka,LKA,2012,197.28
Sri Lanka,LKA,2013,133.31
Sri Lanka,LKA,2014,112.25
Sri Lanka,LKA,2015,144.85
Sri Lanka,LKA,2016,139.26
Sri Lanka,LKA,2017,149.33
Sri Lanka,LKA,2018,133.58
Sri Lanka,LKA,2019,131.04
Sudan,SDN,2000,0.16
Sudan,SDN,2001,0.15
Sudan,SDN,2002,0.15
Sudan,SDN,2003,0.14
Sudan,SDN,2004,0.14
Sudan,SDN,2005,0.14
Sudan,SDN,2006,0.14
Sudan,SDN,2007,0.15
Sudan,SDN,2008,0.15
Sudan,SDN,2009,0.15
Sudan,SDN,2010,0.15
Sudan,SDN,2011,0.15
Sudan,SDN,2012,0.15
Sudan,SDN,2013,0.16
Sudan,SDN,2014,0.17
Sudan,SDN,2015,0.16
Sudan,SDN,2016,0.16
Sudan,SDN,2017,0.17
Sudan,SDN,2018,0.17
Sudan,SDN,2019,0.17
Suriname,SUR,2000,3.4
Suriname,SUR,2001,3.72
Suriname,SUR,2002,4.22
Suriname,SUR,2003,4.41
Suriname,SUR,2004,4.21
Suriname,SUR,2005,4.77
Suriname,SUR,2006,4.84
Suriname,SUR,2007,4.65
Suriname,SUR,2008,5.53
Suriname,SUR,2009,5.57
Suriname,SUR,2010,5.86
Suriname,SUR,2011,5.55
Suriname,SUR,2012,6.36
Suriname,SUR,2013,7.05
Suriname,SUR,2014,5.96
Suriname,SUR,2015,6.13
Suriname,SUR,2016,6.26
Suriname,SUR,2017,6.37
Suriname,SUR,2018,6.52
Suriname,SUR,2019,6.68
Sweden,SWE,2000,0
Sweden,SWE,2001,0
Sweden,SWE,2002,0
Sweden,SWE,2003,0
Sweden,SWE,2004,0
Sweden,SWE,2005,0
Sweden,SWE,2006,0
Sweden,SWE,2007,1.04
Sweden,SWE,2008,0
Sweden,SWE,2009,0
Sweden,SWE,2010,0
Sweden,SWE,2011,0
Sweden,SWE,2012,0
Sweden,SWE,2013,0
Sweden,SWE,2014,0
Sweden,SWE,2015,1.03
Sweden,SWE,2016,0
Sweden,SWE,2017,0
Sweden,SWE,2018,0
Sweden,SWE,2019,0
Switzerland,CHE,2000,0
Switzerland,CHE,2001,0
Switzerland,CHE,2002,0
Switzerland,CHE,2003,0
Switzerland,CHE,2004,0
Switzerland,CHE,2005,0
Switzerland,CHE,2006,0
Switzerland,CHE,2007,0
Switzerland,CHE,2008,0
Switzerland,CHE,2009,0
Switzerland,CHE,2010,0
Switzerland,CHE,2011,0
Switzerland,CHE,2012,0
Switzerland,CHE,2013,0
Switzerland,CHE,2014,0
Switzerland,CHE,2015,0
Switzerland,CHE,2016,0
Switzerland,CHE,2017,0
Switzerland,CHE,2018,0
Switzerland,CHE,2019,0
Syria,SYR,2000,0
Syria,SYR,2001,0
Syria,SYR,2002,0
Syria,SYR,2003,0
Syria,SYR,2004,0
Syria,SYR,2005,0
Syria,SYR,2006,0
Syria,SYR,2007,0
Syria,SYR,2008,0
Syria,SYR,2009,0
Syria,SYR,2010,0
Syria,SYR,2011,0
Syria,SYR,2012,0
Syria,SYR,2013,0
Syria,SYR,2014,0
Syria,SYR,2015,0
Syria,SYR,2016,0
Syria,SYR,2017,0
Syria,SYR,2018,0
Syria,SYR,2019,0
Tajikistan,TJK,2000,0.09
Tajikistan,TJK,2001,0.09
Tajikistan,TJK,2002,0.09
Tajikistan,TJK,2003,0.08
Tajikistan,TJK,2004,0.08
Tajikistan,TJK,2005,0.08
Tajikistan,TJK,2006,0.08
Tajikistan,TJK,2007,0.08
Tajikistan,TJK,2008,0.08
Tajikistan,TJK,2009,0.09
Tajikistan,TJK,2010,0.09
Tajikistan,TJK,2011,0.1
Tajikistan,TJK,2012,0.1
Tajikistan,TJK,2013,0.1
Tajikistan,TJK,2014,0.11
Tajikistan,TJK,2015,0.11
Tajikistan,TJK,2016,0.11
Tajikistan,TJK,2017,0.11
Tajikistan,TJK,2018,0.11
Tajikistan,TJK,2019,0.11
Tanzania,TZA,2000,0.56
Tanzania,TZA,2001,0.58
Tanzania,TZA,2002,0.6
Tanzania,TZA,2003,0.66
Tanzania,TZA,2004,0.7
Tanzania,TZA,2005,0.74
Tanzania,TZA,2006,0.82
Tanzania,TZA,2007,0.9
Tanzania,TZA,2008,1.03
Tanzania,TZA,2009,1.11
Tanzania,TZA,2010,1.17
Tanzania,TZA,2011,1.25
Tanzania,TZA,2012,1.32
Tanzania,TZA,2013,1.49
Tanzania,TZA,2014,1.53
Tanzania,TZA,2015,1.55
Tanzania,TZA,2016,1.62
Tanzania,TZA,2017,1.67
Tanzania,TZA,2018,1.72
Tanzania,TZA,2019,1.82
Thailand,THA,2000,213.32
Thailand,THA,2001,189.12
Thailand,THA,2002,184.9
Thailand,THA,2003,191.48
Thailand,THA,2004,217.24
Thailand,THA,2005,186.51
Thailand,THA,2006,190.84
Thailand,THA,2007,186.04
Thailand,THA,2008,179.63
Thailand,THA,2009,180.53
Thailand,THA,2010,185.36
Thailand,THA,2011,197.35
Thailand,THA,2012,181.7
Thailand,THA,2013,179.58
Thailand,THA,2014,178.94
Thailand,THA,2015,176.98
Thailand,THA,2016,166.07
Thailand,THA,2017,164.35
Thailand,THA,2018,171.93
Thailand,THA,2019,171.87
Togo,TGO,2000,0.04
Togo,TGO,2001,0.04
Togo,TGO,2002,0.04
Togo,TGO,2003,0.04
Togo,TGO,2004,0.04
Togo,TGO,2005,0.04
Togo,TGO,2006,0.05
Togo,TGO,2007,0.04
Togo,TGO,2008,0.04
Togo,TGO,2009,0.05
Togo,TGO,2010,0.05
Togo,TGO,2011,0.05
Togo,TGO,2012,0.05
Togo,TGO,2013,0.05
Togo,TGO,2014,0.05
Togo,TGO,2015,0.05
Togo,TGO,2016,0.05
Togo,TGO,2017,0.05
Togo,TGO,2018,0.05
Togo,TGO,2019,0.05
Tonga,TON,2000,2.71
Tonga,TON,2001,2.76
Tonga,TON,2002,2.75
Tonga,TON,2003,2.79
Tonga,TON,2004,2.78
Tonga,TON,2005,2.76
Tonga,TON,2006,2.77
Tonga,TON,2007,2.83
Tonga,TON,2008,3.27
Tonga,TON,2009,3.24
Tonga,TON,2010,2.98
Tonga,TON,2011,2.95
Tonga,TON,2012,2.99
Tonga,TON,2013,2.98
Tonga,TON,2014,2.99
Tonga,TON,2015,2.94
Tonga,TON,2016,2.71
Tonga,TON,2017,2.69
Tonga,TON,2018,2.6
Tonga,TON,2019,2.49
Trinidad and Tobago,TTO,2000,5.56
Trinidad and Tobago,TTO,2001,7.93
Trinidad and Tobago,TTO,2002,6.66
Trinidad and Tobago,TTO,2003,3.57
Trinidad and Tobago,TTO,2004,2.5
Trinidad and Tobago,TTO,2005,2.44
Trinidad and Tobago,TTO,2006,2.58
Trinidad and Tobago,TTO,2007,3.31
Trinidad and Tobago,TTO,2008,10.94
Trinidad and Tobago,TTO,2009,10.16
Trinidad and Tobago,TTO,2010,9.28
Trinidad and Tobago,TTO,2011,9.76
Trinidad and Tobago,TTO,2012,7.23
Trinidad and Tobago,TTO,2013,7.43
Trinidad and Tobago,TTO,2014,6.98
Trinidad and Tobago,TTO,2015,6.58
Trinidad and Tobago,TTO,2016,6.25
Trinidad and Tobago,TTO,2017,5.91
Trinidad and Tobago,TTO,2018,5.47
Trinidad and Tobago,TTO,2019,5.24
Tunisia,TUN,2000,0
Tunisia,TUN,2001,0
Tunisia,TUN,2002,0
Tunisia,TUN,2003,0
Tunisia,TUN,2004,0
Tunisia,TUN,2005,0
Tunisia,TUN,2006,0
Tunisia,TUN,2007,0
Tunisia,TUN,2008,0
Tunisia,TUN,2009,0
Tunisia,TUN,2010,0
Tunisia,TUN,2011,0
Tunisia,TUN,2012,0
Tunisia,TUN,2013,0
Tunisia,TUN,2014,0
Tunisia,TUN,2015,0
Tunisia,TUN,2016,0
Tunisia,TUN,2017,0
Tunisia,TUN,2018,0
Tunisia,TUN,2019,0
Turkey,TUR,2000,0
Turkey,TUR,2001,0
Turkey,TUR,2002,0
Turkey,TUR,2003,0
Turkey,TUR,2004,0
Turkey,TUR,2005,0
Turkey,TUR,2006,0
Turkey,TUR,2007,0
Turkey,TUR,2008,0
Turkey,TUR,2009,0
Turkey,TUR,2010,0
Turkey,TUR,2011,0
Turkey,TUR,2012,0
Turkey,TUR,2013,0
Turkey,TUR,2014,0
Turkey,TUR,2015,0
Turkey,TUR,2016,0
Turkey,TUR,2017,0
Turkey,TUR,2018,0
Turkey,TUR,2019,0
Turkmenistan,TKM,2000,0.07
Turkmenistan,TKM,2001,0.07
Turkmenistan,TKM,2002,0.07
Turkmenistan,TKM,2003,0.06
Turkmenistan,TKM,2004,0.06
Turkmenistan,TKM,2005,0.06
Turkmenistan,TKM,2006,0.06
Turkmenistan,TKM,2007,0.06
Turkmenistan,TKM,2008,0.06
Turkmenistan,TKM,2009,0.06
Turkmenistan,TKM,2010,0.06
Turkmenistan,TKM,2011,0.06
Turkmenistan,TKM,2012,0.07
Turkmenistan,TKM,2013,0.07
Turkmenistan,TKM,2014,0.07
Turkmenistan,TKM,2015,0.07
Turkmenistan,TKM,2016,0.08
Turkmenistan,TKM,2017,0.08
Turkmenistan,TKM,2018,0.08
Turkmenistan,TKM,2019,0.08
Uganda,UGA,2000,0.31
Uganda,UGA,2001,0.35
Uganda,UGA,2002,0.38
Uganda,UGA,2003,0.44
Uganda,UGA,2004,0.54
Uganda,UGA,2005,0.61
Uganda,UGA,2006,0.67
Uganda,UGA,2007,0.69
Uganda,UGA,2008,0.72
Uganda,UGA,2009,0.77
Uganda,UGA,2010,0.81
Uganda,UGA,2011,0.9
Uganda,UGA,2012,0.91
Uganda,UGA,2013,0.93
Uganda,UGA,2014,0.93
Uganda,UGA,2015,0.98
Uganda,UGA,2016,1.05
Uganda,UGA,2017,1.06
Uganda,UGA,2018,1.1
Uganda,UGA,2019,1.17
Ukraine,UKR,2000,0
Ukraine,UKR,2001,0
Ukraine,UKR,2002,0
Ukraine,UKR,2003,0
Ukraine,UKR,2004,0
Ukraine,UKR,2005,0
Ukraine,UKR,2006,0
Ukraine,UKR,2007,0
Ukraine,UKR,2008,0
Ukraine,UKR,2009,0
Ukraine,UKR,2010,0
Ukraine,UKR,2011,0
Ukraine,UKR,2012,0
Ukraine,UKR,2013,0
Ukraine,UKR,2014,0
Ukraine,UKR,2015,0
Ukraine,UKR,2016,0
Ukraine,UKR,2017,0
Ukraine,UKR,2018,0
Ukraine,UKR,2019,0
United Arab Emirates,ARE,2000,0
United Arab Emirates,ARE,2001,0
United Arab Emirates,ARE,2002,0
United Arab Emirates,ARE,2003,0
United Arab Emirates,ARE,2004,0
United Arab Emirates,ARE,2005,0
United Arab Emirates,ARE,2006,0
United Arab Emirates,ARE,2007,0
United Arab Emirates,ARE,2008,0
United Arab Emirates,ARE,2009,0
United Arab Emirates,ARE,2010,0
United Arab Emirates,ARE,2011,0
United Arab Emirates,ARE,2012,0
United Arab Emirates,ARE,2013,0
United Arab Emirates,ARE,2014,0
United Arab Emirates,ARE,2015,0
United Arab Emirates,ARE,2016,0
United Arab Emirates,ARE,2017,0
United Arab Emirates,ARE,2018,0
United Arab Emirates,ARE,2019,0
United Kingdom,GBR,2000,0
United Kingdom,GBR,2001,0
United Kingdom,GBR,2002,0
United Kingdom,GBR,2003,0
United Kingdom,GBR,2004,0
United Kingdom,GBR,2005,0
United Kingdom,GBR,2006,0
United Kingdom,GBR,2007,0
United Kingdom,GBR,2008,0
United Kingdom,GBR,2009,0
United Kingdom,GBR,2010,0
United Kingdom,GBR,2011,0
United Kingdom,GBR,2012,1.05
United Kingdom,GBR,2013,0
United Kingdom,GBR,2014,1
United Kingdom,GBR,2015,0
United Kingdom,GBR,2016,0
United Kingdom,GBR,2017,0.34
United Kingdom,GBR,2018,0.35
United Kingdom,GBR,2019,0.36
United States,USA,2000,1.12
United States,USA,2001,2.17
United States,USA,2002,2.2
United States,USA,2003,0.11
United States,USA,2004,0.1
United States,USA,2005,2.25
United States,USA,2006,0.12
United States,USA,2007,0.13
United States,USA,2008,0.13
United States,USA,2009,1.14
United States,USA,2010,3.16
United States,USA,2011,0.13
United States,USA,2012,2.24
United States,USA,2013,3.21
United States,USA,2014,2.2
United States,USA,2015,0.2
United States,USA,2016,0.22
United States,USA,2017,0.19
United States,USA,2018,0.19
United States,USA,2019,0.19
Uruguay,URY,2000,0
Uruguay,URY,2001,0
Uruguay,URY,2002,0
Uruguay,URY,2003,0
Uruguay,URY,2004,0
Uruguay,URY,2005,0
Uruguay,URY,2006,0
Uruguay,URY,2007,1.09
Uruguay,URY,2008,0
Uruguay,URY,2009,0
Uruguay,URY,2010,0
Uruguay,URY,2011,0
Uruguay,URY,2012,0
Uruguay,URY,2013,0
Uruguay,URY,2014,0
Uruguay,URY,2015,0
Uruguay,URY,2016,0
Uruguay,URY,2017,0
Uruguay,URY,2018,0
Uruguay,URY,2019,0
Uzbekistan,UZB,2000,0.04
Uzbekistan,UZB,2001,0.04
Uzbekistan,UZB,2002,0.04
Uzbekistan,UZB,2003,0.04
Uzbekistan,UZB,2004,0.04
Uzbekistan,UZB,2005,0.04
Uzbekistan,UZB,2006,0.04
Uzbekistan,UZB,2007,0.03
Uzbekistan,UZB,2008,0.03
Uzbekistan,UZB,2009,0.03
Uzbekistan,UZB,2010,0.03
Uzbekistan,UZB,2011,0.03
Uzbekistan,UZB,2012,0.03
Uzbekistan,UZB,2013,0.04
Uzbekistan,UZB,2014,0.04
Uzbekistan,UZB,2015,0.04
Uzbekistan,UZB,2016,0.04
Uzbekistan,UZB,2017,0.04
Uzbekistan,UZB,2018,0.04
Uzbekistan,UZB,2019,0.04
Vanuatu,VUT,2000,0.13
Vanuatu,VUT,2001,0.13
Vanuatu,VUT,2002,0.13
Vanuatu,VUT,2003,0.13
Vanuatu,VUT,2004,0.13
Vanuatu,VUT,2005,0.13
Vanuatu,VUT,2006,0.14
Vanuatu,VUT,2007,0.14
Vanuatu,VUT,2008,0.14
Vanuatu,VUT,2009,0.15
Vanuatu,VUT,2010,0.16
Vanuatu,VUT,2011,0.16
Vanuatu,VUT,2012,0.17
Vanuatu,VUT,2013,0.17
Vanuatu,VUT,2014,0.17
Vanuatu,VUT,2015,0.18
Vanuatu,VUT,2016,0.18
Vanuatu,VUT,2017,0.18
Vanuatu,VUT,2018,0.18
Vanuatu,VUT,2019,0.19
Venezuela,VEN,2000,29.24
Venezuela,VEN,2001,62.19
Venezuela,VEN,2002,48.93
Venezuela,VEN,2003,45.56
Venezuela,VEN,2004,31.87
Venezuela,VEN,2005,38.18
Venezuela,VEN,2006,40.38
Venezuela,VEN,2007,85.34
Venezuela,VEN,2008,54.12
Venezuela,VEN,2009,65.05
Venezuela,VEN,2010,118.39
Venezuela,VEN,2011,44.8
Venezuela,VEN,2012,56.28
Venezuela,VEN,2013,69.47
Venezuela,VEN,2014,107.17
Venezuela,VEN,2015,69.27
Venezuela,VEN,2016,76.27
Venezuela,VEN,2017,70.26
Venezuela,VEN,2018,66.06
Venezuela,VEN,2019,64.93
Vietnam,VNM,2000,68.33
Vietnam,VNM,2001,68.53
Vietnam,VNM,2002,68.44
Vietnam,VNM,2003,70.6
Vietnam,VNM,2004,73.79
Vietnam,VNM,2005,74.64
Vietnam,VNM,2006,77.49
Vietnam,VNM,2007,99.12
Vietnam,VNM,2008,87.53
Vietnam,VNM,2009,90.36
Vietnam,VNM,2010,103.4
Vietnam,VNM,2011,109.8
Vietnam,VNM,2012,115.74
Vietnam,VNM,2013,115.17
Vietnam,VNM,2014,112.69
Vietnam,VNM,2015,125.25
Vietnam,VNM,2016,149.07
Vietnam,VNM,2017,156.26
Vietnam,VNM,2018,132.97
Vietnam,VNM,2019,126.58
World,OWID_WRL,2000,19685.48
World,OWID_WRL,2001,20111.99
World,OWID_WRL,2002,20706.041
World,OWID_WRL,2003,20499.4
World,OWID_WRL,2004,21618.83
World,OWID_WRL,2005,20749.379
World,OWID_WRL,2006,21099.24
World,OWID_WRL,2007,22812.91
World,OWID_WRL,2008,23130.271
World,OWID_WRL,2009,23899.43
World,OWID_WRL,2010,25691.592
World,OWID_WRL,2011,25666.39
World,OWID_WRL,2012,27028.96
World,OWID_WRL,2013,28277.979
World,OWID_WRL,2014,27699.71
World,OWID_WRL,2015,28835.74
World,OWID_WRL,2016,27588.191
World,OWID_WRL,2017,28762.531
World,OWID_WRL,2018,28781.19
World,OWID_WRL,2019,30019.57
Yemen,YEM,2000,0.09
Yemen,YEM,2001,0.09
Yemen,YEM,2002,0.09
Yemen,YEM,2003,0.09
Yemen,YEM,2004,0.08
Yemen,YEM,2005,0.08
Yemen,YEM,2006,0.08
Yemen,YEM,2007,0.09
Yemen,YEM,2008,0.09
Yemen,YEM,2009,0.09
Yemen,YEM,2010,0.09
Yemen,YEM,2011,0.09
Yemen,YEM,2012,0.09
Yemen,YEM,2013,0.09
Yemen,YEM,2014,0.1
Yemen,YEM,2015,0.1
Yemen,YEM,2016,0.1
Yemen,YEM,2017,0.1
Yemen,YEM,2018,0.12
Yemen,YEM,2019,71.41
Zambia,ZMB,2000,0.61
Zambia,ZMB,2001,0.61
Zambia,ZMB,2002,0.62
Zambia,ZMB,2003,0.66
Zambia,ZMB,2004,0.69
Zambia,ZMB,2005,0.71
Zambia,ZMB,2006,0.72
Zambia,ZMB,2007,0.75
Zambia,ZMB,2008,0.77
Zambia,ZMB,2009,0.79
Zambia,ZMB,2010,0.76
Zambia,ZMB,2011,0.8
Zambia,ZMB,2012,0.81
Zambia,ZMB,2013,0.85
Zambia,ZMB,2014,0.9
Zambia,ZMB,2015,0.9
Zambia,ZMB,2016,0.94
Zambia,ZMB,2017,1
Zambia,ZMB,2018,1.04
Zambia,ZMB,2019,1.05
Zimbabwe,ZWE,2000,0.1
Zimbabwe,ZWE,2001,0.1
Zimbabwe,ZWE,2002,0.1
Zimbabwe,ZWE,2003,0.1
Zimbabwe,ZWE,2004,0.1
Zimbabwe,ZWE,2005,0.1
Zimbabwe,ZWE,2006,0.1
Zimbabwe,ZWE,2007,0.12
Zimbabwe,ZWE,2008,0.14
Zimbabwe,ZWE,2009,0.18
Zimbabwe,ZWE,2010,0.19
Zimbabwe,ZWE,2011,0.21
Zimbabwe,ZWE,2012,0.21
Zimbabwe,ZWE,2013,0.2
Zimbabwe,ZWE,2014,0.2
Zimbabwe,ZWE,2015,0.21
Zimbabwe,ZWE,2016,0.2
Zimbabwe,ZWE,2017,0.18
Zimbabwe,ZWE,2018,0.17
Zimbabwe,ZWE,2019,0.18
